Gene Locus,TA sites,reads,,,,
SAOUHSC_00003,16,8,,,,
SAOUHSC_00007,56,1149,,,,
SAOUHSC_00008,118,1406,,,,
SAOUHSC_00010,64,1504,,,,
SAOUHSC_00012,34,568,,,,
SAOUHSC_00013,78,1287,,,,
SAOUHSC_00014,95,3438,,,,
SAOUHSC_00019,110,2307,,,,
SAOUHSC_00022-yycH,99,589,,,,
SAOUHSC_00023-yycI,69,952,,,,
SAOUHSC_00024,68,703,,,,
SAOUHSC_00025,168,3038,,,,
SAOUHSC_00026,27,123,,,,
SAOUHSC_00027,8,32,,,,
SAOUHSC_00028,17,708,,,,
SAOUHSC_00029,4,350,,,,
SAOUHSC_00030,207,8932,,,,
SAOUHSC_00031,26,201,,,,
SAOUHSC_00032,16,216,,,,
SAOUHSC_00033,94,3037,,,,
SAOUHSC_00034,22,136,,,,
SAOUHSC_00035,96,2015,,,,
SAOUHSC_00036,117,6653,,,,
SAOUHSC_00037,127,3341,,,,
SAOUHSC_00038,9,3,,,,
SAOUHSC_00039,59,1297,,,,
SAOUHSC_00040,26,557,,,,
SAOUHSC_00041,28,713,,,,
SAOUHSC_00042,140,3026,,,,
SAOUHSC_00043,44,1186,,,,
SAOUHSC_00044,96,2047,,,,
SAOUHSC_00045,59,1413,,,,
SAOUHSC_00046,90,3770,,,,
SAOUHSC_00047,66,2147,,,,
SAOUHSC_00049,272,6733,,,,
SAOUHSC_00050,43,1218,,,,
SAOUHSC_00051,86,2958,,,,
SAOUHSC_00052,78,1760,,,,
SAOUHSC_00053,75,2178,,,,
SAOUHSC_00054,69,2525,,,,
SAOUHSC_00055,75,2952,,,,
SAOUHSC_00056,168,6310,,,,
SAOUHSC_00057,76,3004,,,,
SAOUHSC_00058,122,1998,,,,
SAOUHSC_00060,133,1796,,,,
SAOUHSC_00061,140,3544,,,,
SAOUHSC_00062,97,2662,,,,
SAOUHSC_00064,156,8202,,,,
SAOUHSC_00065,55,2510,,,,
SAOUHSC_00067,136,2147,,,,
SAOUHSC_00069,82,1546,,,,
SAOUHSC_00072,84,1725,,,,
SAOUHSC_00074,79,1531,,,,
SAOUHSC_00075,59,1277,,,,
SAOUHSC_00076,71,747,,,,
SAOUHSC_00077,139,3688,,,,
SAOUHSC_00078,102,2738,,,,
SAOUHSC_00079,138,5344,,,,
SAOUHSC_00080,140,2473,,,,
SAOUHSC_00081,54,963,,,,
SAOUHSC_00082,81,3103,,,,
SAOUHSC_00083,54,1536,,,,
SAOUHSC_00084,38,237,,,,
SAOUHSC_00085,68,2068,,,,
SAOUHSC_00086,44,468,,,,
SAOUHSC_00087,14,42,,,,
SAOUHSC_00088,96,2734,,,,
SAOUHSC_00089,63,1827,,,,
SAOUHSC_00090,101,2959,,,,
SAOUHSC_00091,140,4650,,,,
SAOUHSC_00092,158,7017,,,,
SAOUHSC_00094,44,859,,,,
SAOUHSC_00096,56,1046,,,,
SAOUHSC_00097,47,2127,,,,
SAOUHSC_00099,151,8313,,,,
SAOUHSC_00100,34,341,,,,
SAOUHSC_00101,99,1578,,,,
SAOUHSC_00102,77,2504,,,,
SAOUHSC_00103,76,2402,,,,
SAOUHSC_00104,66,1497,,,,
SAOUHSC_00105,75,1484,,,,
SAOUHSC_00106,105,2886,,,,
SAOUHSC_00107,126,4528,,,,
SAOUHSC_00108,23,963,,,,
SAOUHSC_00109,45,643,,,,
SAOUHSC_00111,34,372,,,,
SAOUHSC_00112,29,245,,,,
SAOUHSC_00113,189,3468,,,,
SAOUHSC_00114,65,1538,,,,
SAOUHSC_00115,60,818,,,,
SAOUHSC_00116,67,1661,,,,
SAOUHSC_00117,146,3213,,,,
SAOUHSC_00118,81,1273,,,,
SAOUHSC_00119,103,2722,,,,
SAOUHSC_00120,91,1854,,,,
SAOUHSC_00121,53,1788,,,,
SAOUHSC_00122,110,2375,,,,
SAOUHSC_00123,150,6646,,,,
SAOUHSC_00124,156,7148,,,,
SAOUHSC_00125,99,3230,,,,
SAOUHSC_00126,54,3254,,,,
SAOUHSC_00127,72,2448,,,,
SAOUHSC_00128,94,3618,,,,
SAOUHSC_00129,80,2046,,,,
SAOUHSC_00130,30,849,,,,
SAOUHSC_00131,40,481,,,,
SAOUHSC_00132,110,1752,,,,
SAOUHSC_00133,81,1165,,,,
SAOUHSC_00134,15,343,,,,
SAOUHSC_00135,39,1979,,,,
SAOUHSC_00136,56,690,,,,
SAOUHSC_00137,72,888,,,,
SAOUHSC_00138,67,1384,,,,
SAOUHSC_00139,71,1539,,,,
SAOUHSC_00141,32,1619,,,,
SAOUHSC_00142,80,930,,,,
SAOUHSC_00143,135,3354,,,,
SAOUHSC_00144,595,15450,,,,
SAOUHSC_00145,53,2780,,,,
SAOUHSC_00146,37,468,,,,
SAOUHSC_00147,64,1784,,,,
SAOUHSC_00148-argJ,88,2679,,,,
SAOUHSC_00149-argC,85,3888,,,,
SAOUHSC_00150,83,1781,,,,
SAOUHSC_00151,126,1180,,,,
SAOUHSC_00152,36,628,,,,
SAOUHSC_00153,131,5641,,,,
SAOUHSC_00154,11,91,,,,
SAOUHSC_00155,160,3977,,,,
SAOUHSC_00156,74,902,,,,
SAOUHSC_00157-murQ,65,1657,,,,
SAOUHSC_00158,138,3730,,,,
SAOUHSC_00160,66,1124,,,,
SAOUHSC_00161,35,1856,,,,
SAOUHSC_00162,247,4560,,,,
SAOUHSC_00163,80,1527,,,,
SAOUHSC_00164,94,2367,,,,
SAOUHSC_00166,121,3638,,,,
SAOUHSC_00167,117,2813,,,,
SAOUHSC_00168,139,4320,,,,
SAOUHSC_00169,124,3184,,,,
SAOUHSC_00170,148,4158,,,,
SAOUHSC_00171,156,4185,,,,
SAOUHSC_00172,67,714,,,,
SAOUHSC_00173,50,1248,,,,
SAOUHSC_00174,49,1029,,,,
SAOUHSC_00175,83,2372,,,,
SAOUHSC_00176,107,1773,,,,
SAOUHSC_00177,112,1617,,,,
SAOUHSC_00178,79,1591,,,,
SAOUHSC_00179,58,1263,,,,
SAOUHSC_00180,72,1570,,,,
SAOUHSC_00181,83,1769,,,,
SAOUHSC_00182,75,5135,,,,
SAOUHSC_00183-uhpT,117,2814,,,,
SAOUHSC_00184,68,897,,,,
SAOUHSC_00185,145,4961,,,,
SAOUHSC_00186,75,965,,,,
SAOUHSC_00187,183,2112,,,,
SAOUHSC_00188,58,1350,,,,
SAOUHSC_00189,25,2012,,,,
SAOUHSC_00190,173,3807,,,,
SAOUHSC_00191,33,826,,,,
SAOUHSC_00192,159,4208,,,,
SAOUHSC_00193,9,43,,,,
SAOUHSC_00195,74,2305,,,,
SAOUHSC_00196,173,3723,,,,
SAOUHSC_00197,97,1121,,,,
SAOUHSC_00198,119,2153,,,,
SAOUHSC_00199,118,1829,,,,
SAOUHSC_00200,93,2779,,,,
SAOUHSC_00201,133,3241,,,,
SAOUHSC_00202,32,334,,,,
SAOUHSC_00203,23,252,,,,
SAOUHSC_00204,90,1326,,,,
SAOUHSC_00205,6,41,,,,
SAOUHSC_00206,53,347,,,,
SAOUHSC_00208,10,164,,,,
SAOUHSC_00209,112,1869,,,,
SAOUHSC_00211,65,1153,,,,
SAOUHSC_00212,8,709,,,,
SAOUHSC_00213,156,2665,,,,
SAOUHSC_00214,29,1411,,,,
SAOUHSC_00215,26,284,,,,
SAOUHSC_00216,104,1990,,,,
SAOUHSC_00217,73,1056,,,,
SAOUHSC_00218,11,221,,,,
SAOUHSC_00219,75,2161,,,,
SAOUHSC_00220-tarF,62,1829,,,,
SAOUHSC_00221-tarIp,98,7402,,,,
SAOUHSC_00222-tarJp,139,4264,,,,
SAOUHSC_00228-tarS,149,4055,,,,
SAOUHSC_00229,59,1778,,,,
SAOUHSC_00230,137,3480,,,,
SAOUHSC_00231,59,2246,,,,
SAOUHSC_00232,41,167,,,,
SAOUHSC_00233,69,379,,,,
SAOUHSC_00234,61,2975,,,,
SAOUHSC_00235,59,1611,,,,
SAOUHSC_00236,100,1641,,,,
SAOUHSC_00237,61,1407,,,,
SAOUHSC_00238,17,443,,,,
SAOUHSC_00239,68,3104,,,,
SAOUHSC_00240,32,388,,,,
SAOUHSC_00241,69,1120,,,,
SAOUHSC_00242,78,1385,,,,
SAOUHSC_00243,23,666,,,,
SAOUHSC_00244,36,664,,,,
SAOUHSC_00246,111,2799,,,,
SAOUHSC_00247,81,2922,,,,
SAOUHSC_00248,78,2844,,,,
SAOUHSC_00249,57,1428,,,,
SAOUHSC_00250,94,3315,,,,
SAOUHSC_00251,117,5822,,,,
SAOUHSC_00253,131,4781,,,,
SAOUHSC_00254,78,2475,,,,
SAOUHSC_00255,71,2567,,,,
SAOUHSC_00256,60,2381,,,,
SAOUHSC_00257,13,31,,,,
SAOUHSC_00258,251,4823,,,,
SAOUHSC_00259,30,191,,,,
SAOUHSC_00260,22,150,,,,
SAOUHSC_00261,120,3187,,,,
SAOUHSC_00262,345,10894,,,,
SAOUHSC_00264,30,479,,,,
SAOUHSC_00265,22,155,,,,
SAOUHSC_00266,60,1872,,,,
SAOUHSC_00267,22,746,,,,
SAOUHSC_00268,134,3360,,,,
SAOUHSC_00269,54,3156,,,,
SAOUHSC_00270,81,4438,,,,
SAOUHSC_00271,77,3006,,,,
SAOUHSC_00272,26,124,,,,
SAOUHSC_00274,45,3038,,,,
SAOUHSC_00275,54,4365,,,,
SAOUHSC_00276,48,2258,,,,
SAOUHSC_00277,48,5778,,,,
SAOUHSC_00278,43,2158,,,,
SAOUHSC_00279,41,763,,,,
SAOUHSC_00280,40,1667,,,,
SAOUHSC_00281,88,2631,,,,
SAOUHSC_00282,116,2765,,,,
SAOUHSC_00284,78,2814,,,,
SAOUHSC_00285,86,1472,,,,
SAOUHSC_00287,57,1307,,,,
SAOUHSC_00289,19,525,,,,
SAOUHSC_00290,89,2375,,,,
SAOUHSC_00291,94,1874,,,,
SAOUHSC_00292,61,1158,,,,
SAOUHSC_00293,116,2970,,,,
SAOUHSC_00294,136,4461,,,,
SAOUHSC_00295,59,2412,,,,
SAOUHSC_00296,66,1539,,,,
SAOUHSC_00297,70,2454,,,,
SAOUHSC_00298,48,2179,,,,
SAOUHSC_00299,113,5691,,,,
SAOUHSC_00301,68,2316,,,,
SAOUHSC_00302,75,777,,,,
SAOUHSC_00303,9,284,,,,
SAOUHSC_00304,81,1895,,,,
SAOUHSC_00305,20,149,,,,
SAOUHSC_00306,59,3272,,,,
SAOUHSC_00307,67,2135,,,,
SAOUHSC_00308,84,2182,,,,
SAOUHSC_00309,61,793,,,,
SAOUHSC_00310-ulaA,112,2065,,,,
SAOUHSC_00311,24,395,,,,
SAOUHSC_00312,31,470,,,,
SAOUHSC_00313,158,7211,,,,
SAOUHSC_00314,32,242,,,,
SAOUHSC_00315,132,3091,,,,
SAOUHSC_00316,40,341,,,,
SAOUHSC_00317,117,3567,,,,
SAOUHSC_00318,75,1709,,,,
SAOUHSC_00319,72,857,,,,
SAOUHSC_00320,37,2024,,,,
SAOUHSC_00322,101,4616,,,,
SAOUHSC_00323,35,807,,,,
SAOUHSC_00324,41,561,,,,
SAOUHSC_00325,64,1605,,,,
SAOUHSC_00326,95,1055,,,,
SAOUHSC_00327,147,3922,,,,
SAOUHSC_00328,56,2689,,,,
SAOUHSC_00329,16,65,,,,
SAOUHSC_00330,25,1389,,,,
SAOUHSC_00331,11,14,,,,
SAOUHSC_00332,74,3839,,,,
SAOUHSC_00333,72,4074,,,,
SAOUHSC_00334,70,3550,,,,
SAOUHSC_00335,114,5023,,,,
SAOUHSC_00337,50,370,,,,
SAOUHSC_00338,173,5555,,,,
SAOUHSC_00339,138,3747,,,,
SAOUHSC_00340,76,1792,,,,
SAOUHSC_00341,88,3032,,,,
SAOUHSC_00342,60,1576,,,,
SAOUHSC_00344,90,2439,,,,
SAOUHSC_00347,17,81,,,,
SAOUHSC_00351,97,2918,,,,
SAOUHSC_00352,35,1639,,,,
SAOUHSC_00353,17,86,,,,
SAOUHSC_00354,61,1055,,,,
SAOUHSC_00355,35,1597,,,,
SAOUHSC_00356,38,260,,,,
SAOUHSC_00357,24,173,,,,
SAOUHSC_00358,25,265,,,,
SAOUHSC_00359,38,1092,,,,
SAOUHSC_00360,37,1414,,,,
SAOUHSC_00362,57,1632,,,,
SAOUHSC_00363,32,2014,,,,
SAOUHSC_00364,97,691,,,,
SAOUHSC_00365,39,589,,,,
SAOUHSC_00366,50,1104,,,,
SAOUHSC_00367,96,2413,,,,
SAOUHSC_00368,7,79,,,,
SAOUHSC_00369,49,731,,,,
SAOUHSC_00370,57,1339,,,,
SAOUHSC_00371,36,1195,,,,
SAOUHSC_00372,35,165,,,,
SAOUHSC_00373,124,521,,,,
SAOUHSC_00376,64,1828,,,,
SAOUHSC_00377,76,4275,,,,
SAOUHSC_00378,24,153,,,,
SAOUHSC_00381,37,1214,,,,
SAOUHSC_00381a,10,89,,,,
SAOUHSC_00382,68,2293,,,,
SAOUHSC_00383,59,2382,,,,
SAOUHSC_00384,75,1875,,,,
SAOUHSC_00386,79,1284,,,,
SAOUHSC_00387,9,137,,,,
SAOUHSC_00389,68,1816,,,,
SAOUHSC_00390,67,1085,,,,
SAOUHSC_00391,63,1211,,,,
SAOUHSC_00392,64,1400,,,,
SAOUHSC_00393,65,1334,,,,
SAOUHSC_00394,66,1701,,,,
SAOUHSC_00395,62,1429,,,,
SAOUHSC_00396,5,19,,,,
SAOUHSC_00397,102,3670,,,,
SAOUHSC_00398,118,2717,,,,
SAOUHSC_00399,72,1925,,,,
SAOUHSC_00400,124,3312,,,,
SAOUHSC_00401,25,576,,,,
SAOUHSC_00404,64,1297,,,,
SAOUHSC_00405,74,2317,,,,
SAOUHSC_00406,116,1839,,,,
SAOUHSC_00407,28,725,,,,
SAOUHSC_00408,26,1446,,,,
SAOUHSC_00409,29,1477,,,,
SAOUHSC_00410,81,1320,,,,
SAOUHSC_00411,10,501,,,,
SAOUHSC_00415,57,3154,,,,
SAOUHSC_00416,62,1361,,,,
SAOUHSC_00417,57,1678,,,,
SAOUHSC_00418,8,243,,,,
SAOUHSC_00420,128,118,,,,
SAOUHSC_00421,68,2122,,,,
SAOUHSC_00422,87,3091,,,,
SAOUHSC_00423,73,1408,,,,
SAOUHSC_00424,68,1938,,,,
SAOUHSC_00426,68,697,,,,
SAOUHSC_00427-sle1,99,2705,,,,
SAOUHSC_00428,27,155,,,,
SAOUHSC_00429,31,433,,,,
SAOUHSC_00430,37,989,,,,
SAOUHSC_00431,70,1591,,,,
SAOUHSC_00433,107,3156,,,,
SAOUHSC_00434,86,2210,,,,
SAOUHSC_00435,333,6179,,,,
SAOUHSC_00436-gltD,112,2690,,,,
SAOUHSC_00437,110,2737,,,,
SAOUHSC_00438,121,703,,,,
SAOUHSC_00439,50,636,,,,
SAOUHSC_00441,43,2587,,,,
SAOUHSC_00446,9,232,,,,
SAOUHSC_00450,110,900,,,,
SAOUHSC_00452,24,764,,,,
SAOUHSC_00455,76,2971,,,,
SAOUHSC_00456,21,418,,,,
SAOUHSC_00457,55,894,,,,
SAOUHSC_00458,24,290,,,,
SAOUHSC_00459,72,1078,,,,
SAOUHSC_00462,53,296,,,,
SAOUHSC_00463,42,437,,,,
SAOUHSC_00464-ksgA,75,503,,,,
SAOUHSC_00465,15,135,,,,
SAOUHSC_00466-ipk,70,3871,,,,
SAOUHSC_00467,71,1950,,,,
SAOUHSC_00468,23,191,,,,
SAOUHSC_00469,19,286,,,,
SAOUHSC_00470,12,219,,,,
SAOUHSC_00473,4,23,,,,
SAOUHSC_00474,48,222,,,,
SAOUHSC_00477,264,1356,,,,
SAOUHSC_00479,160,1485,,,,
SAOUHSC_00483,29,45,,,,
SAOUHSC_00487-hslO,57,1313,,,,
SAOUHSC_00488,74,735,,,,
SAOUHSC_00497,129,1801,,,,
SAOUHSC_00499,66,209,,,,
SAOUHSC_00500,61,1181,,,,
SAOUHSC_00501,112,1872,,,,
SAOUHSC_00502,39,350,,,,
SAOUHSC_00503,25,150,,,,
SAOUHSC_00504-yakI,88,4266,,,,
SAOUHSC_00505-clpC,193,2485,,,,
SAOUHSC_00507,99,2214,,,,
SAOUHSC_00508,106,3621,,,,
SAOUHSC_00512,44,537,,,,
SAOUHSC_00513,59,814,,,,
SAOUHSC_00514,40,1448,,,,
SAOUHSC_00515,54,1743,,,,
SAOUHSC_00517,39,199,,,,
SAOUHSC_00523,43,550,,,,
SAOUHSC_00531,94,793,,,,
SAOUHSC_00532,98,934,,,,
SAOUHSC_00533,71,1893,,,,
SAOUHSC_00534,161,2837,,,,
SAOUHSC_00535,86,731,,,,
SAOUHSC_00537,17,553,,,,
SAOUHSC_00538,59,730,,,,
SAOUHSC_00539,53,919,,,,
SAOUHSC_00540,64,1643,,,,
SAOUHSC_00541,40,105,,,,
SAOUHSC_00542,71,773,,,,
SAOUHSC_00543,48,380,,,,
SAOUHSC_00544,230,5242,,,,
SAOUHSC_00545,337,7632,,,,
SAOUHSC_00547,124,2745,,,,
SAOUHSC_00548,145,2986,,,,
SAOUHSC_00551,27,239,,,,
SAOUHSC_00552,62,1681,,,,
SAOUHSC_00553,55,979,,,,
SAOUHSC_00554,34,1154,,,,
SAOUHSC_00555,50,2453,,,,
SAOUHSC_00556,133,4870,,,,
SAOUHSC_00557,120,2512,,,,
SAOUHSC_00558,78,1217,,,,
SAOUHSC_00559,34,2736,,,,
SAOUHSC_00560,22,664,,,,
SAOUHSC_00561,15,307,,,,
SAOUHSC_00562,64,1117,,,,
SAOUHSC_00564,54,1195,,,,
SAOUHSC_00565,26,2920,,,,
SAOUHSC_00567,37,754,,,,
SAOUHSC_00569,134,3106,,,,
SAOUHSC_00571,43,563,,,,
SAOUHSC_00572,52,744,,,,
SAOUHSC_00580,18,448,,,,
SAOUHSC_00581,132,2919,,,,
SAOUHSC_00582,30,728,,,,
SAOUHSC_00583,6,80,,,,
SAOUHSC_00584,111,1253,,,,
SAOUHSC_00585,75,1819,,,,
SAOUHSC_00586,79,3286,,,,
SAOUHSC_00587,53,955,,,,
SAOUHSC_00588,74,2453,,,,
SAOUHSC_00589,15,515,,,,
SAOUHSC_00591,71,1382,,,,
SAOUHSC_00592,74,2157,,,,
SAOUHSC_00593,70,1173,,,,
SAOUHSC_00596,63,1457,,,,
SAOUHSC_00598,65,2211,,,,
SAOUHSC_00599,70,990,,,,
SAOUHSC_00600,17,359,,,,
SAOUHSC_00602,75,1261,,,,
SAOUHSC_00603,72,1109,,,,
SAOUHSC_00604,43,428,,,,
SAOUHSC_00605,47,1033,,,,
SAOUHSC_00606,112,1110,,,,
SAOUHSC_00607,43,324,,,,
SAOUHSC_00608-adhA,79,905,,,,
SAOUHSC_00609,10,262,,,,
SAOUHSC_00612,64,1769,,,,
SAOUHSC_00613,71,2363,,,,
SAOUHSC_00614,105,2628,,,,
SAOUHSC_00615,64,2478,,,,
SAOUHSC_00616,66,1095,,,,
SAOUHSC_00617,51,494,,,,
SAOUHSC_00618,84,888,,,,
SAOUHSC_00619,77,2098,,,,
SAOUHSC_00620,29,356,,,,
SAOUHSC_00621,89,1427,,,,
SAOUHSC_00622,32,593,,,,
SAOUHSC_00624,58,3584,,,,
SAOUHSC_00625,240,7543,,,,
SAOUHSC_00626,36,1849,,,,
SAOUHSC_00627,41,2414,,,,
SAOUHSC_00628,153,2551,,,,
SAOUHSC_00629,56,1652,,,,
SAOUHSC_00632,39,390,,,,
SAOUHSC_00633,188,4184,,,,
SAOUHSC_00634,82,453,,,,
SAOUHSC_00636,96,385,,,,
SAOUHSC_00637,67,394,,,,
SAOUHSC_00638,62,620,,,,
SAOUHSC_00639,84,2289,,,,
SAOUHSC_00644-tarX,102,2366,,,,
SAOUHSC_00646-pbp4,120,3175,,,,
SAOUHSC_00647,153,2113,,,,
SAOUHSC_00648,110,1550,,,,
SAOUHSC_00650,9,75,,,,
SAOUHSC_00651,75,3634,,,,
SAOUHSC_00652,59,452,,,,
SAOUHSC_00653,102,3265,,,,
SAOUHSC_00654,99,3436,,,,
SAOUHSC_00655,82,1276,,,,
SAOUHSC_00656,41,871,,,,
SAOUHSC_00658,24,216,,,,
SAOUHSC_00660,128,4005,,,,
SAOUHSC_00661,93,2568,,,,
SAOUHSC_00662,55,1071,,,,
SAOUHSC_00663,41,583,,,,
SAOUHSC_00664,80,4042,,,,
SAOUHSC_00665-graR,54,520,,,,
SAOUHSC_00666-graS,95,2271,,,,
SAOUHSC_00667-vraF,72,4632,,,,
SAOUHSC_00668-vraG,206,5417,,,,
SAOUHSC_00669,50,1006,,,,
SAOUHSC_00670,74,346,,,,
SAOUHSC_00671,61,1624,,,,
SAOUHSC_00672,75,503,,,,
SAOUHSC_00674,49,688,,,,
SAOUHSC_00675,46,800,,,,
SAOUHSC_00676,37,780,,,,
SAOUHSC_00677,11,61,,,,
SAOUHSC_00678,65,1995,,,,
SAOUHSC_00679,65,1286,,,,
SAOUHSC_00680,7,44,,,,
SAOUHSC_00681,124,3504,,,,
SAOUHSC_00682,53,2084,,,,
SAOUHSC_00683,70,3103,,,,
SAOUHSC_00684,47,2014,,,,
SAOUHSC_00685,25,168,,,,
SAOUHSC_00686,29,276,,,,
SAOUHSC_00687,47,578,,,,
SAOUHSC_00688,43,843,,,,
SAOUHSC_00689,33,1419,,,,
SAOUHSC_00690,51,1200,,,,
SAOUHSC_00691,81,1958,,,,
SAOUHSC_00692,152,3800,,,,
SAOUHSC_00693,159,1893,,,,
SAOUHSC_00694,38,714,,,,
SAOUHSC_00695,77,741,,,,
SAOUHSC_00696,66,739,,,,
SAOUHSC_00697,33,513,,,,
SAOUHSC_00698,145,1346,,,,
SAOUHSC_00699,103,1304,,,,
SAOUHSC_00700,38,1133,,,,
SAOUHSC_00701,62,2656,,,,
SAOUHSC_00702,31,1204,,,,
SAOUHSC_00703,105,2685,,,,
SAOUHSC_00704,45,1279,,,,
SAOUHSC_00705,30,145,,,,
SAOUHSC_00706,68,913,,,,
SAOUHSC_00707,67,1730,,,,
SAOUHSC_00708,149,2910,,,,
SAOUHSC_00710,91,1273,,,,
SAOUHSC_00711,121,2535,,,,
SAOUHSC_00712,74,1355,,,,
SAOUHSC_00713,94,1837,,,,
SAOUHSC_00714,112,4774,,,,
SAOUHSC_00715,65,743,,,,
SAOUHSC_00716,44,1316,,,,
SAOUHSC_00717,35,160,,,,
SAOUHSC_00718-718,72,1309,,,,
SAOUHSC_00719,58,497,,,,
SAOUHSC_00720,31,232,,,,
SAOUHSC_00721,53,1176,,,,
SAOUHSC_00722,54,1730,,,,
SAOUHSC_00723,110,2924,,,,
SAOUHSC_00724,51,714,,,,
SAOUHSC_00725,24,584,,,,
SAOUHSC_00726,67,1654,,,,
SAOUHSC_00727,84,1872,,,,
SAOUHSC_00729,156,1269,,,,
SAOUHSC_00730,164,2043,,,,
SAOUHSC_00731,73,1640,,,,
SAOUHSC_00732,161,2464,,,,
SAOUHSC_00733,95,1332,,,,
SAOUHSC_00734,46,710,,,,
SAOUHSC_00735,4,61,,,,
SAOUHSC_00736,78,5321,,,,
SAOUHSC_00737,16,885,,,,
SAOUHSC_00738,150,4025,,,,
SAOUHSC_00739,43,485,,,,
SAOUHSC_00740,73,4410,,,,
SAOUHSC_00744,6,168,,,,
SAOUHSC_00745,18,9,,,,
SAOUHSC_00746,90,1284,,,,
SAOUHSC_00747,105,1691,,,,
SAOUHSC_00748,71,1366,,,,
SAOUHSC_00749,95,1915,,,,
SAOUHSC_00751,31,581,,,,
SAOUHSC_00753,50,844,,,,
SAOUHSC_00754,92,2575,,,,
SAOUHSC_00755,24,261,,,,
SAOUHSC_00756,85,1324,,,,
SAOUHSC_00757,98,1134,,,,
SAOUHSC_00758,50,642,,,,
SAOUHSC_00759,56,896,,,,
SAOUHSC_00760-gdpS,100,830,,,,
SAOUHSC_00763,53,422,,,,
SAOUHSC_00764,32,627,,,,
SAOUHSC_00765,75,1439,,,,
SAOUHSC_00766,65,1271,,,,
SAOUHSC_00767,46,822,,,,
SAOUHSC_00770,11,440,,,,
SAOUHSC_00772,12,438,,,,
SAOUHSC_00773,70,973,,,,
SAOUHSC_00774,56,324,,,,
SAOUHSC_00775,27,1894,,,,
SAOUHSC_00776,80,1288,,,,
SAOUHSC_00779,81,1546,,,,
SAOUHSC_00780-uvrA,236,6144,,,,
SAOUHSC_00782,93,708,,,,
SAOUHSC_00783,51,1264,,,,
SAOUHSC_00784,139,867,,,,
SAOUHSC_00786,10,105,,,,
SAOUHSC_00787,83,856,,,,
SAOUHSC_00792,83,1160,,,,
SAOUHSC_00793,33,944,,,,
SAOUHSC_00794,74,1017,,,,
SAOUHSC_00800,44,624,,,,
SAOUHSC_00801-secG,24,304,,,,
SAOUHSC_00807,9,208,,,,
SAOUHSC_00808,60,850,,,,
SAOUHSC_00809,18,432,,,,
SAOUHSC_00810,56,1125,,,,
SAOUHSC_00811,51,3035,,,,
SAOUHSC_00812,186,3785,,,,
SAOUHSC_00816,90,1541,,,,
SAOUHSC_00817,40,678,,,,
SAOUHSC_00819,10,3,,,,
SAOUHSC_00820,21,254,,,,
SAOUHSC_00821,26,602,,,,
SAOUHSC_00822,54,777,,,,
SAOUHSC_00823,22,226,,,,
SAOUHSC_00824,37,320,,,,
SAOUHSC_00825,20,1544,,,,
SAOUHSC_00826,23,182,,,,
SAOUHSC_00827,40,436,,,,
SAOUHSC_00828,66,1722,,,,
SAOUHSC_00830,42,1004,,,,
SAOUHSC_00831,30,1467,,,,
SAOUHSC_00833,45,1670,,,,
SAOUHSC_00834,28,391,,,,
SAOUHSC_00835,38,397,,,,
SAOUHSC_00836,29,87,,,,
SAOUHSC_00837,14,263,,,,
SAOUHSC_00838,72,751,,,,
SAOUHSC_00839,8,352,,,,
SAOUHSC_00840,34,984,,,,
SAOUHSC_00841,27,354,,,,
SAOUHSC_00842,71,795,,,,
SAOUHSC_00843,64,842,,,,
SAOUHSC_00844,76,1411,,,,
SAOUHSC_00845,16,130,,,,
SAOUHSC_00846,89,1755,,,,
SAOUHSC_00852,13,661,,,,
SAOUHSC_00853,39,722,,,,
SAOUHSC_00854,79,794,,,,
SAOUHSC_00855,84,1183,,,,
SAOUHSC_00857,5,15,,,,
SAOUHSC_00858,67,1510,,,,
SAOUHSC_00859,81,1077,,,,
SAOUHSC_00860,118,4394,,,,
SAOUHSC_00861,74,828,,,,
SAOUHSC_00862,37,255,,,,
SAOUHSC_00863,27,498,,,,
SAOUHSC_00864,48,1055,,,,
SAOUHSC_00865,73,2698,,,,
SAOUHSC_00866,73,1901,,,,
SAOUHSC_00873,17,57,,,,
SAOUHSC_00874,37,1101,,,,
SAOUHSC_00875,91,1274,,,,
SAOUHSC_00876,19,241,,,,
SAOUHSC_00877,29,403,,,,
SAOUHSC_00879,135,1917,,,,
SAOUHSC_00880,131,887,,,,
SAOUHSC_00881,34,22,,,,
SAOUHSC_00882,93,1619,,,,
SAOUHSC_00890,24,209,,,,
SAOUHSC_00891,37,596,,,,
SAOUHSC_00892,27,290,,,,
SAOUHSC_00893,77,973,,,,
SAOUHSC_00894-rocD,94,1518,,,,
SAOUHSC_00895,99,885,,,,
SAOUHSC_00896,6,13,,,,
SAOUHSC_00898,113,1411,,,,
SAOUHSC_00899,97,1668,,,,
SAOUHSC_00901,61,1294,,,,
SAOUHSC_00906,77,982,,,,
SAOUHSC_00907,32,782,,,,
SAOUHSC_00908,101,965,,,,
SAOUHSC_00909,66,827,,,,
SAOUHSC_00910,20,289,,,,
SAOUHSC_00911,207,5354,,,,
SAOUHSC_00912,211,4003,,,,
SAOUHSC_00913,82,3636,,,,
SAOUHSC_00914,114,1966,,,,
SAOUHSC_00915,81,1641,,,,
SAOUHSC_00916,158,4160,,,,
SAOUHSC_00917,45,970,,,,
SAOUHSC_00919,16,222,,,,
SAOUHSC_00922,42,1370,,,,
SAOUHSC_00923,91,1404,,,,
SAOUHSC_00924,94,1717,,,,
SAOUHSC_00925,74,1366,,,,
SAOUHSC_00926,82,568,,,,
SAOUHSC_00927,134,2040,,,,
SAOUHSC_00928,156,2617,,,,
SAOUHSC_00929,86,1137,,,,
SAOUHSC_00930,83,2587,,,,
SAOUHSC_00931,111,1938,,,,
SAOUHSC_00932,90,1601,,,,
SAOUHSC_00935,56,929,,,,
SAOUHSC_00936,94,1797,,,,
SAOUHSC_00937,171,5038,,,,
SAOUHSC_00938,75,380,,,,
SAOUHSC_00939,22,278,,,,
SAOUHSC_00940,54,857,,,,
SAOUHSC_00941,35,948,,,,
SAOUHSC_00942,49,607,,,,
SAOUHSC_00944,87,1829,,,,
SAOUHSC_00945,127,2402,,,,
SAOUHSC_00946,170,1894,,,,
SAOUHSC_00948,116,1629,,,,
SAOUHSC_00949,146,2550,,,,
SAOUHSC_00950,75,1137,,,,
SAOUHSC_00951,38,418,,,,
SAOUHSC_00952-ltaA,125,995,,,,
SAOUHSC_00955,19,289,,,,
SAOUHSC_00956-prfC,110,1178,,,,
SAOUHSC_00958,180,2990,,,,
SAOUHSC_00959,147,1440,,,,
SAOUHSC_00960,130,2651,,,,
SAOUHSC_00961,44,575,,,,
SAOUHSC_00963,80,925,,,,
SAOUHSC_00964,13,6,,,,
SAOUHSC_00965-CAAX,78,2593,,,,
SAOUHSC_00966,15,402,,,,
SAOUHSC_00967,10,2,,,,
SAOUHSC_00968,209,4597,,,,
SAOUHSC_00969,38,916,,,,
SAOUHSC_00970,62,1450,,,,
SAOUHSC_00971,33,832,,,,
SAOUHSC_00973,153,3874,,,,
SAOUHSC_00975,36,1481,,,,
SAOUHSC_00976,67,1797,,,,
SAOUHSC_00977,13,338,,,,
SAOUHSC_00978,31,1795,,,,
SAOUHSC_00979,56,1742,,,,
SAOUHSC_00984,71,170,,,,
SAOUHSC_00986,29,220,,,,
SAOUHSC_00987,109,5066,,,,
SAOUHSC_00988,77,1082,,,,
SAOUHSC_00989,106,1838,,,,
SAOUHSC_00991,126,8775,,,,
SAOUHSC_00992,34,539,,,,
SAOUHSC_00993,7,58,,,,
SAOUHSC_00994,351,6861,,,,
SAOUHSC_00995,33,1699,,,,
SAOUHSC_00996,43,388,,,,
SAOUHSC_00997-lcpB,102,743,,,,
SAOUHSC_00998,137,3253,,,,
SAOUHSC_01003,6,1,,,,
SAOUHSC_01005,32,691,,,,
SAOUHSC_01008,27,43,,,,
SAOUHSC_01010,64,274,,,,
SAOUHSC_01011,27,109,,,,
SAOUHSC_01012,60,405,,,,
SAOUHSC_01013,176,731,,,,
SAOUHSC_01014,119,472,,,,
SAOUHSC_01016,55,191,,,,
SAOUHSC_01017-purH,126,366,,,,
SAOUHSC_01018,95,545,,,,
SAOUHSC_01019,91,2531,,,,
SAOUHSC_01021,103,2879,,,,
SAOUHSC_01022,55,1143,,,,
SAOUHSC_01023,11,154,,,,
SAOUHSC_01024,10,103,,,,
SAOUHSC_01025-1025,136,5173,,,,
SAOUHSC_01026,102,1133,,,,
SAOUHSC_01027,38,299,,,,
SAOUHSC_01030,15,67,,,,
SAOUHSC_01031,124,1727,,,,
SAOUHSC_01032,97,1968,,,,
SAOUHSC_01034,51,375,,,,
SAOUHSC_01039,58,1165,,,,
SAOUHSC_01044,23,239,,,,
SAOUHSC_01045,50,2509,,,,
SAOUHSC_01046,97,1525,,,,
SAOUHSC_01047,97,1349,,,,
SAOUHSC_01048,88,710,,,,
SAOUHSC_01049,98,1257,,,,
SAOUHSC_01050-1050,93,2118,,,,
SAOUHSC_01051,42,998,,,,
SAOUHSC_01053,137,1656,,,,
SAOUHSC_01054,40,338,,,,
SAOUHSC_01055,62,526,,,,
SAOUHSC_01055a,18,866,,,,
SAOUHSC_01058,143,237,,,,
SAOUHSC_01060,12,82,,,,
SAOUHSC_01061,43,1525,,,,
SAOUHSC_01062,18,296,,,,
SAOUHSC_01064,288,6828,,,,
SAOUHSC_01068,21,435,,,,
SAOUHSC_01069,86,2421,,,,
SAOUHSC_01070,31,602,,,,
SAOUHSC_01071,71,887,,,,
SAOUHSC_01072,26,256,,,,
SAOUHSC_01073,36,202,,,,
SAOUHSC_01074,44,86,,,,
SAOUHSC_01076,103,434,,,,
SAOUHSC_01079,142,976,,,,
SAOUHSC_01082,61,2496,,,,
SAOUHSC_01084,90,2093,,,,
SAOUHSC_01086,83,2292,,,,
SAOUHSC_01087,16,281,,,,
SAOUHSC_01088,69,1349,,,,
SAOUHSC_01089,28,278,,,,
SAOUHSC_01090,9,110,,,,
SAOUHSC_01091,58,769,,,,
SAOUHSC_01095,72,583,,,,
SAOUHSC_01096,24,563,,,,
SAOUHSC_01097,49,860,,,,
SAOUHSC_01098,151,2024,,,,
SAOUHSC_01101,11,201,,,,
SAOUHSC_01102-uvrC,149,2165,,,,
SAOUHSC_01103,57,484,,,,
SAOUHSC_01104-sdhA,132,1061,,,,
SAOUHSC_01105-sdhB,57,224,,,,
SAOUHSC_01107,46,564,,,,
SAOUHSC_01108,41,977,,,,
SAOUHSC_01109,17,174,,,,
SAOUHSC_01110,26,137,,,,
SAOUHSC_01111,9,96,,,,
SAOUHSC_01112,32,269,,,,
SAOUHSC_01113,57,1050,,,,
SAOUHSC_01114,42,509,,,,
SAOUHSC_01115,38,1205,,,,
SAOUHSC_01118,7,91,,,,
SAOUHSC_01119,15,250,,,,
SAOUHSC_01120,18,75,,,,
SAOUHSC_01121,89,901,,,,
SAOUHSC_01123,18,247,,,,
SAOUHSC_01124,80,1098,,,,
SAOUHSC_01125,75,924,,,,
SAOUHSC_01127,67,766,,,,
SAOUHSC_01128,74,801,,,,
SAOUHSC_01129,71,1711,,,,
SAOUHSC_01130,138,1686,,,,
SAOUHSC_01131,26,233,,,,
SAOUHSC_01133,96,1232,,,,
SAOUHSC_01134,15,268,,,,
SAOUHSC_01135,13,109,,,,
SAOUHSC_01136,11,89,,,,
SAOUHSC_01137,57,1367,,,,
SAOUHSC_01138,33,1130,,,,
SAOUHSC_01139,19,182,,,,
SAOUHSC_01141,95,2045,,,,
SAOUHSC_01152,62,1411,,,,
SAOUHSC_01153,48,196,,,,
SAOUHSC_01154-sepF,41,106,,,,
SAOUHSC_01155,32,669,,,,
SAOUHSC_01156,72,1190,,,,
SAOUHSC_01160,79,779,,,,
SAOUHSC_01164,48,632,,,,
SAOUHSC_01165,125,625,,,,
SAOUHSC_01173,22,486,,,,
SAOUHSC_01174,34,126,,,,
SAOUHSC_01175,145,1239,,,,
SAOUHSC_01177-rpoZ,16,65,,,,
SAOUHSC_01180,74,1544,,,,
SAOUHSC_01181,29,178,,,,
SAOUHSC_01182,38,54,,,,
SAOUHSC_01184,109,1331,,,,
SAOUHSC_01185,74,565,,,,
SAOUHSC_01186,66,396,,,,
SAOUHSC_01187,165,2476,,,,
SAOUHSC_01191-rpmB,17,8,,,,
SAOUHSC_01192,40,1383,,,,
SAOUHSC_01193,122,1462,,,,
SAOUHSC_01196,44,210,,,,
SAOUHSC_01213,273,2583,,,,
SAOUHSC_01215-rnhB,55,354,,,,
SAOUHSC_01220,132,2549,,,,
SAOUHSC_01221,82,1432,,,,
SAOUHSC_01223-gid,106,1806,,,,
SAOUHSC_01225,37,195,,,,
SAOUHSC_01248,82,1460,,,,
SAOUHSC_01253,184,1905,,,,
SAOUHSC_01254,60,655,,,,
SAOUHSC_01255,115,1289,,,,
SAOUHSC_01256,110,557,,,,
SAOUHSC_01257,60,238,,,,
SAOUHSC_01258,69,1209,,,,
SAOUHSC_01261,107,1434,,,,
SAOUHSC_01264,20,377,,,,
SAOUHSC_01268,28,202,,,,
SAOUHSC_01269,139,2601,,,,
SAOUHSC_01270,26,257,,,,
SAOUHSC_01271,55,1288,,,,
SAOUHSC_01272,223,3414,,,,
SAOUHSC_01273-mutL,173,5151,,,,
SAOUHSC_01274,57,1311,,,,
SAOUHSC_01274-glpK,60,1459,,,,
SAOUHSC_01275,97,1248,,,,
SAOUHSC_01278,142,533,,,,
SAOUHSC_01279,93,2661,,,,
SAOUHSC_01280-miaA,79,676,,,,
SAOUHSC_01281,15,285,,,,
SAOUHSC_01282,37,408,,,,
SAOUHSC_01283,104,2269,,,,
SAOUHSC_01284,99,1151,,,,
SAOUHSC_01288,23,110,,,,
SAOUHSC_01290,26,219,,,,
SAOUHSC_01291,14,208,,,,
SAOUHSC_01292,18,172,,,,
SAOUHSC_01293,10,20,,,,
SAOUHSC_01294,13,20,,,,
SAOUHSC_01295,32,1109,,,,
SAOUHSC_01296,56,575,,,,
SAOUHSC_01297,33,819,,,,
SAOUHSC_01298,10,124,,,,
SAOUHSC_01299,8,803,,,,
SAOUHSC_01300,34,373,,,,
SAOUHSC_01301,10,90,,,,
SAOUHSC_01303,49,1805,,,,
SAOUHSC_01304,17,113,,,,
SAOUHSC_01305,42,664,,,,
SAOUHSC_01306,27,649,,,,
SAOUHSC_01307,86,2127,,,,
SAOUHSC_01310,130,2447,,,,
SAOUHSC_01311,85,1855,,,,
SAOUHSC_01312,92,1451,,,,
SAOUHSC_01313,126,4729,,,,
SAOUHSC_01314,52,1666,,,,
SAOUHSC_01315,22,430,,,,
SAOUHSC_01316,51,1298,,,,
SAOUHSC_01317,88,788,,,,
SAOUHSC_01318,61,1362,,,,
SAOUHSC_01319,131,10621,,,,
SAOUHSC_01320,106,1679,,,,
SAOUHSC_01321,87,1248,,,,
SAOUHSC_01322,77,1861,,,,
SAOUHSC_01323,74,1913,,,,
SAOUHSC_01324,27,750,,,,
SAOUHSC_01325,11,456,,,,
SAOUHSC_01326,134,1018,,,,
SAOUHSC_01327,109,2761,,,,
SAOUHSC_01328-rpmG,18,112,,,,
SAOUHSC_01329-rpsN,25,235,,,,
SAOUHSC_01330,84,916,,,,
SAOUHSC_01331,13,156,,,,
SAOUHSC_01332,86,1821,,,,
SAOUHSC_01334,22,792,,,,
SAOUHSC_01336,19,428,,,,
SAOUHSC_01339,10,85,,,,
SAOUHSC_01340,38,235,,,,
SAOUHSC_01341,107,1292,,,,
SAOUHSC_01343,270,4176,,,,
SAOUHSC_01346,142,4616,,,,
SAOUHSC_01347,224,906,,,,
SAOUHSC_01348,39,291,,,,
SAOUHSC_01349,19,455,,,,
SAOUHSC_01353,13,752,,,,
SAOUHSC_01354,141,2403,,,,
SAOUHSC_01356,91,1968,,,,
SAOUHSC_01357,19,97,,,,
SAOUHSC_01358,133,1203,,,,
SAOUHSC_01359-mprF,267,4504,,,,
SAOUHSC_01360,41,267,,,,
SAOUHSC_01361-lcpA,74,660,,,,
SAOUHSC_01362,13,355,,,,
SAOUHSC_01363,115,1994,,,,
SAOUHSC_01364,120,1790,,,,
SAOUHSC_01365,94,2924,,,,
SAOUHSC_01366,126,4045,,,,
SAOUHSC_01367,50,695,,,,
SAOUHSC_01368-trpD,87,1734,,,,
SAOUHSC_01369-trpC,71,1147,,,,
SAOUHSC_01370,60,997,,,,
SAOUHSC_01371,95,1078,,,,
SAOUHSC_01372-trpA,58,1738,,,,
SAOUHSC_01375,72,1706,,,,
SAOUHSC_01376,40,516,,,,
SAOUHSC_01377,70,667,,,,
SAOUHSC_01378,75,652,,,,
SAOUHSC_01379,79,1380,,,,
SAOUHSC_01380,107,1258,,,,
SAOUHSC_01381,18,249,,,,
SAOUHSC_01382,38,1995,,,,
SAOUHSC_01383,167,2873,,,,
SAOUHSC_01384,65,926,,,,
SAOUHSC_01385,70,2514,,,,
SAOUHSC_01386,83,1405,,,,
SAOUHSC_01387,77,1071,,,,
SAOUHSC_01388,8,36,,,,
SAOUHSC_01389,75,573,,,,
SAOUHSC_01391,78,141,,,,
SAOUHSC_01392,130,1604,,,,
SAOUHSC_01394,90,472,,,,
SAOUHSC_01395,74,936,,,,
SAOUHSC_01396,72,754,,,,
SAOUHSC_01397,41,232,,,,
SAOUHSC_01398,57,895,,,,
SAOUHSC_01399,88,969,,,,
SAOUHSC_01400,90,1595,,,,
SAOUHSC_01401,111,1197,,,,
SAOUHSC_01402,53,1860,,,,
SAOUHSC_01403,11,56,,,,
SAOUHSC_01405,31,566,,,,
SAOUHSC_01406,22,1611,,,,
SAOUHSC_01407,59,1415,,,,
SAOUHSC_01408,79,589,,,,
SAOUHSC_01409,56,1510,,,,
SAOUHSC_01411,137,1449,,,,
SAOUHSC_01412,163,1723,,,,
SAOUHSC_01413,67,995,,,,
SAOUHSC_01414,18,161,,,,
SAOUHSC_01415,61,587,,,,
SAOUHSC_01416,95,589,,,,
SAOUHSC_01418-sucA,198,1292,,,,
SAOUHSC_01419,110,1682,,,,
SAOUHSC_01420,60,629,,,,
SAOUHSC_01421,11,79,,,,
SAOUHSC_01422,20,1091,,,,
SAOUHSC_01423,59,631,,,,
SAOUHSC_01427,126,815,,,,
SAOUHSC_01429,15,373,,,,
SAOUHSC_01430,36,175,,,,
SAOUHSC_01431,34,774,,,,
SAOUHSC_01432,40,1570,,,,
SAOUHSC_01433,75,960,,,,
SAOUHSC_01436,34,104,,,,
SAOUHSC_01437,97,872,,,,
SAOUHSC_01438,22,188,,,,
SAOUHSC_01439,15,39,,,,
SAOUHSC_01440,72,3745,,,,
SAOUHSC_01441,3,55,,,,
SAOUHSC_01443,31,1221,,,,
SAOUHSC_01447,2037,26443,,,,
SAOUHSC_01448,134,2856,,,,
SAOUHSC_01450,132,2715,,,,
SAOUHSC_01451,80,479,,,,
SAOUHSC_01452,82,2720,,,,
SAOUHSC_01454,80,1650,,,,
SAOUHSC_01455,297,5005,,,,
SAOUHSC_01456,129,2465,,,,
SAOUHSC_01459,26,211,,,,
SAOUHSC_01460,94,1428,,,,
SAOUHSC_01463,45,1351,,,,
SAOUHSC_01464,32,529,,,,
SAOUHSC_01468,35,314,,,,
SAOUHSC_01469,59,437,,,,
SAOUHSC_01471-asnC,89,1295,,,,
SAOUHSC_01472-dinG,251,7205,,,,
SAOUHSC_01475,102,843,,,,
SAOUHSC_01476,25,172,,,,
SAOUHSC_01478,66,2026,,,,
SAOUHSC_01479,56,1227,,,,
SAOUHSC_01480,99,1807,,,,
SAOUHSC_01484,29,204,,,,
SAOUHSC_01485-ndk,32,166,,,,
SAOUHSC_01489,35,268,,,,
SAOUHSC_01493-rpsA,84,701,,,,
SAOUHSC_01494,10,11,,,,
SAOUHSC_01495,9,153,,,,
SAOUHSC_01497,91,1463,,,,
SAOUHSC_01499,87,2240,,,,
SAOUHSC_01500,10,71,,,,
SAOUHSC_01502,112,2023,,,,
SAOUHSC_01503,90,1976,,,,
SAOUHSC_01504,17,13,,,,
SAOUHSC_01505,63,1754,,,,
SAOUHSC_01507,5,44,,,,
SAOUHSC_01508,89,1338,,,,
SAOUHSC_01510,24,98,,,,
SAOUHSC_01511,82,1231,,,,
SAOUHSC_01512,85,1154,,,,
SAOUHSC_01513,22,85,,,,
SAOUHSC_01514,84,1515,,,,
SAOUHSC_01515,146,3711,,,,
SAOUHSC_01516,31,1252,,,,
SAOUHSC_01517,23,115,,,,
SAOUHSC_01518,21,355,,,,
SAOUHSC_01519,27,273,,,,
SAOUHSC_01520,123,1219,,,,
SAOUHSC_01521,162,3233,,,,
SAOUHSC_01522,27,132,,,,
SAOUHSC_01523,154,3175,,,,
SAOUHSC_01524,85,1124,,,,
SAOUHSC_01525,453,5850,,,,
SAOUHSC_01526,11,269,,,,
SAOUHSC_01527,24,317,,,,
SAOUHSC_01528,36,666,,,,
SAOUHSC_01529,54,761,,,,
SAOUHSC_01530,40,1185,,,,
SAOUHSC_01531,38,582,,,,
SAOUHSC_01532,33,677,,,,
SAOUHSC_01533,19,311,,,,
SAOUHSC_01535,87,900,,,,
SAOUHSC_01536,63,2773,,,,
SAOUHSC_01537,102,1291,,,,
SAOUHSC_01538,140,3031,,,,
SAOUHSC_01539,28,355,,,,
SAOUHSC_01540,33,1343,,,,
SAOUHSC_01541,47,815,,,,
SAOUHSC_01542,130,2053,,,,
SAOUHSC_01543,26,891,,,,
SAOUHSC_01544,3,4,,,,
SAOUHSC_01545,25,348,,,,
SAOUHSC_01546,16,270,,,,
SAOUHSC_01547,171,2739,,,,
SAOUHSC_01548,17,645,,,,
SAOUHSC_01549,17,893,,,,
SAOUHSC_01550,23,356,,,,
SAOUHSC_01551,12,56,,,,
SAOUHSC_01552,48,868,,,,
SAOUHSC_01553,18,229,,,,
SAOUHSC_01555,33,432,,,,
SAOUHSC_01556,33,381,,,,
SAOUHSC_01557,15,80,,,,
SAOUHSC_01558,20,223,,,,
SAOUHSC_01559,15,294,,,,
SAOUHSC_01560,20,546,,,,
SAOUHSC_01561,25,690,,,,
SAOUHSC_01562,20,87,,,,
SAOUHSC_01563,158,2071,,,,
SAOUHSC_01565,40,191,,,,
SAOUHSC_01566,101,885,,,,
SAOUHSC_01567,28,1033,,,,
SAOUHSC_01568,19,79,,,,
SAOUHSC_01569,16,84,,,,
SAOUHSC_01570,25,537,,,,
SAOUHSC_01571,21,126,,,,
SAOUHSC_01572,40,1369,,,,
SAOUHSC_01573,14,361,,,,
SAOUHSC_01574,26,777,,,,
SAOUHSC_01576,102,3635,,,,
SAOUHSC_01577,39,1157,,,,
SAOUHSC_01578,24,364,,,,
SAOUHSC_01579,9,19,,,,
SAOUHSC_01580,68,2615,,,,
SAOUHSC_01582,118,4631,,,,
SAOUHSC_01583,194,5356,,,,
SAOUHSC_01584,75,939,,,,
SAOUHSC_01585,156,2162,,,,
SAOUHSC_01586,59,37,,,,
SAOUHSC_01587,59,572,,,,
SAOUHSC_01588,47,315,,,,
SAOUHSC_01589,65,255,,,,
SAOUHSC_01590,43,633,,,,
SAOUHSC_01593,44,1032,,,,
SAOUHSC_01594,81,915,,,,
SAOUHSC_01595,23,423,,,,
SAOUHSC_01596,56,1041,,,,
SAOUHSC_01597,71,1659,,,,
SAOUHSC_01600,73,930,,,,
SAOUHSC_01601,130,2732,,,,
SAOUHSC_01602,88,2674,,,,
SAOUHSC_01603,22,224,,,,
SAOUHSC_01604,23,1168,,,,
SAOUHSC_01606,86,1443,,,,
SAOUHSC_01607,22,134,,,,
SAOUHSC_01608,6,16,,,,
SAOUHSC_01609,98,1198,,,,
SAOUHSC_01610,30,629,,,,
SAOUHSC_01617,45,489,,,,
SAOUHSC_01620-xseA,106,608,,,,
SAOUHSC_01626,103,1430,,,,
SAOUHSC_01627,48,205,,,,
SAOUHSC_01628,24,180,,,,
SAOUHSC_01629,62,132,,,,
SAOUHSC_01630,36,1845,,,,
SAOUHSC_01632,125,2350,,,,
SAOUHSC_01633,106,2053,,,,
SAOUHSC_01634-gcvT,89,1410,,,,
SAOUHSC_01637,58,750,,,,
SAOUHSC_01638,27,273,,,,
SAOUHSC_01639,51,251,,,,
SAOUHSC_01640,28,393,,,,
SAOUHSC_01641,115,1718,,,,
SAOUHSC_01643,89,2196,,,,
SAOUHSC_01644,58,836,,,,
SAOUHSC_01645,29,264,,,,
SAOUHSC_01646,85,1338,,,,
SAOUHSC_01647,20,619,,,,
SAOUHSC_01649,154,2525,,,,
SAOUHSC_01650,46,245,,,,
SAOUHSC_01651-rpmG,9,124,,,,
SAOUHSC_01652-pbp3,174,6604,,,,
SAOUHSC_01653,48,144,,,,
SAOUHSC_01655,43,1275,,,,
SAOUHSC_01656,94,1089,,,,
SAOUHSC_01657,67,600,,,,
SAOUHSC_01658,70,955,,,,
SAOUHSC_01660,100,1490,,,,
SAOUHSC_01664,67,370,,,,
SAOUHSC_01665,51,888,,,,
SAOUHSC_01673,81,747,,,,
SAOUHSC_01675,48,436,,,,
SAOUHSC_01676,78,1186,,,,
SAOUHSC_01677,61,1012,,,,
SAOUHSC_01679,102,2420,,,,
SAOUHSC_01680,59,1213,,,,
SAOUHSC_01681-prmA,75,2065,,,,
SAOUHSC_01682-dnaJ,80,375,,,,
SAOUHSC_01683-dnaK,142,828,,,,
SAOUHSC_01685-hrcA,90,2364,,,,
SAOUHSC_01686,105,2095,,,,
SAOUHSC_01687,5,19,,,,
SAOUHSC_01689-rpsT,21,499,,,,
SAOUHSC_01691,242,4955,,,,
SAOUHSC_01692,40,1475,,,,
SAOUHSC_01693,57,1507,,,,
SAOUHSC_01694,49,1313,,,,
SAOUHSC_01695,31,224,,,,
SAOUHSC_01696,57,1217,,,,
SAOUHSC_01704,31,2293,,,,
SAOUHSC_01705,65,1007,,,,
SAOUHSC_01706,128,3311,,,,
SAOUHSC_01707,102,1748,,,,
SAOUHSC_01708,53,179,,,,
SAOUHSC_01709,101,624,,,,
SAOUHSC_01710,31,379,,,,
SAOUHSC_01711,77,1347,,,,
SAOUHSC_01712,65,1448,,,,
SAOUHSC_01715,59,479,,,,
SAOUHSC_01716,91,675,,,,
SAOUHSC_01717,69,755,,,,
SAOUHSC_01718,62,444,,,,
SAOUHSC_01724,60,396,,,,
SAOUHSC_01728,79,2762,,,,
SAOUHSC_01729,15,110,,,,
SAOUHSC_01730,14,151,,,,
SAOUHSC_01732,35,266,,,,
SAOUHSC_01734-rarA,98,1195,,,,
SAOUHSC_01735,63,1210,,,,
SAOUHSC_01736,17,1414,,,,
SAOUHSC_01743,49,480,,,,
SAOUHSC_01744,186,3338,,,,
SAOUHSC_01747,25,342,,,,
SAOUHSC_01748-tgt,86,1037,,,,
SAOUHSC_01749-queA,88,1856,,,,
SAOUHSC_01752,47,777,,,,
SAOUHSC_01759-mreC,75,1218,,,,
SAOUHSC_01760,3,77,,,,
SAOUHSC_01761,45,923,,,,
SAOUHSC_01761a,22,740,,,,
SAOUHSC_01762,32,1265,,,,
SAOUHSC_01763-radC,51,213,,,,
SAOUHSC_01764,85,1672,,,,
SAOUHSC_01765,12,34,,,,
SAOUHSC_01769,112,2114,,,,
SAOUHSC_01770,8,54,,,,
SAOUHSC_01771,108,525,,,,
SAOUHSC_01780,13,293,,,,
SAOUHSC_01781,82,1143,,,,
SAOUHSC_01794,89,453,,,,
SAOUHSC_01796,78,968,,,,
SAOUHSC_01797,237,2920,,,,
SAOUHSC_01798,168,2777,,,,
SAOUHSC_01799,149,2352,,,,
SAOUHSC_01800,68,2170,,,,
SAOUHSC_01801,100,270,,,,
SAOUHSC_01802,72,1875,,,,
SAOUHSC_01803,127,1434,,,,
SAOUHSC_01805,127,2990,,,,
SAOUHSC_01813,122,2186,,,,
SAOUHSC_01814,33,814,,,,
SAOUHSC_01815,50,1047,,,,
SAOUHSC_01816,85,2008,,,,
SAOUHSC_01817,9,829,,,,
SAOUHSC_01818,95,1701,,,,
SAOUHSC_01819,36,459,,,,
SAOUHSC_01821,77,493,,,,
SAOUHSC_01822-tpx,35,589,,,,
SAOUHSC_01823,82,2072,,,,
SAOUHSC_01824,103,1877,,,,
SAOUHSC_01825,109,2934,,,,
SAOUHSC_01826,18,589,,,,
SAOUHSC_01828,32,1076,,,,
SAOUHSC_01830,62,1077,,,,
SAOUHSC_01831,29,409,,,,
SAOUHSC_01832,98,1732,,,,
SAOUHSC_01833,137,2104,,,,
SAOUHSC_01834,8,386,,,,
SAOUHSC_01835,105,1518,,,,
SAOUHSC_01836,136,3070,,,,
SAOUHSC_01838,105,787,,,,
SAOUHSC_01841,6,16,,,,
SAOUHSC_01843,210,3405,,,,
SAOUHSC_01844,14,16,,,,
SAOUHSC_01845,130,982,,,,
SAOUHSC_01846,133,2884,,,,
SAOUHSC_01847,49,438,,,,
SAOUHSC_01849,106,1462,,,,
SAOUHSC_01850,87,158,,,,
SAOUHSC_01851,13,11,,,,
SAOUHSC_01853,9,106,,,,
SAOUHSC_01854,86,1392,,,,
SAOUHSC_01855,42,151,,,,
SAOUHSC_01865-trmB,266,901,,,,
SAOUHSC_01857,53,401,,,,
SAOUHSC_01858,26,1190,,,,
SAOUHSC_01860,92,2031,,,,
SAOUHSC_01861,36,241,,,,
SAOUHSC_01863,66,1190,,,,
SAOUHSC_01864,53,737,,,,
SAOUHSC_01868,111,1323,,,,
SAOUHSC_01869,41,427,,,,
SAOUHSC_01870,61,2309,,,,
SAOUHSC_01872,101,1719,,,,
SAOUHSC_01873,474,7878,,,,
SAOUHSC_01876,105,3521,,,,
SAOUHSC_01877,73,1428,,,,
SAOUHSC_01878,44,1585,,,,
SAOUHSC_01879,29,135,,,,
SAOUHSC_01880,61,1686,,,,
SAOUHSC_01882,73,1358,,,,
SAOUHSC_01883,18,1868,,,,
SAOUHSC_01884,87,2063,,,,
SAOUHSC_01886-ribH,37,632,,,,
SAOUHSC_01887,97,1477,,,,
SAOUHSC_01888,53,960,,,,
SAOUHSC_01889,75,1691,,,,
SAOUHSC_01890,138,5820,,,,
SAOUHSC_01891,31,651,,,,
SAOUHSC_01893,144,3095,,,,
SAOUHSC_01894,31,524,,,,
SAOUHSC_01896,20,206,,,,
SAOUHSC_01897,44,2204,,,,
SAOUHSC_01898,39,738,,,,
SAOUHSC_01899,49,800,,,,
SAOUHSC_01900,72,892,,,,
SAOUHSC_01901,55,325,,,,
SAOUHSC_01902,33,451,,,,
SAOUHSC_01903,34,972,,,,
SAOUHSC_01904,34,80,,,,
SAOUHSC_01905,108,1923,,,,
SAOUHSC_01907,60,1069,,,,
SAOUHSC_01911,51,1753,,,,
SAOUHSC_01912,50,1282,,,,
SAOUHSC_01913,39,402,,,,
SAOUHSC_01914,15,18,,,,
SAOUHSC_01917,49,1866,,,,
SAOUHSC_01918,41,688,,,,
SAOUHSC_01919,78,1127,,,,
SAOUHSC_01920,43,409,,,,
SAOUHSC_01921,28,1117,,,,
SAOUHSC_01922,55,870,,,,
SAOUHSC_01923,72,1548,,,,
SAOUHSC_01924,11,56,,,,
SAOUHSC_01925,24,630,,,,
SAOUHSC_01926,39,959,,,,
SAOUHSC_01928,15,100,,,,
SAOUHSC_01929,6,5,,,,
SAOUHSC_01930,40,680,,,,
SAOUHSC_01931,496,10888,,,,
SAOUHSC_01932,110,2059,,,,
SAOUHSC_01933,120,2210,,,,
SAOUHSC_01934,9,1252,,,,
SAOUHSC_01935,62,1883,,,,
SAOUHSC_01936,53,578,,,,
SAOUHSC_01937,10,117,,,,
SAOUHSC_01938,56,1584,,,,
SAOUHSC_01939,54,603,,,,
SAOUHSC_01941,64,652,,,,
SAOUHSC_01942,55,401,,,,
SAOUHSC_01945,88,1581,,,,
SAOUHSC_01947,92,2862,,,,
SAOUHSC_01948,64,553,,,,
SAOUHSC_01949,116,1910,,,,
SAOUHSC_01950,57,714,,,,
SAOUHSC_01951,115,884,,,,
SAOUHSC_01952,304,6524,,,,
SAOUHSC_01953,12,202,,,,
SAOUHSC_01955,80,1260,,,,
SAOUHSC_01956,63,1248,,,,
SAOUHSC_01957,90,1077,,,,
SAOUHSC_01958,45,1314,,,,
SAOUHSC_01964,34,304,,,,
SAOUHSC_01966,133,2120,,,,
SAOUHSC_01967,62,3157,,,,
SAOUHSC_01968,37,1838,,,,
SAOUHSC_01969,21,190,,,,
SAOUHSC_01971,72,516,,,,
SAOUHSC_01972,77,434,,,,
SAOUHSC_01976,8,408,,,,
SAOUHSC_01977,18,175,,,,
SAOUHSC_01978,100,2504,,,,
SAOUHSC_01979,39,557,,,,
SAOUHSC_01980,53,626,,,,
SAOUHSC_01981,93,2074,,,,
SAOUHSC_01982,70,1771,,,,
SAOUHSC_01983-fumC,106,770,,,,
SAOUHSC_01984,49,1398,,,,
SAOUHSC_01985,25,230,,,,
SAOUHSC_01986,8,9,,,,
SAOUHSC_01987,54,288,,,,
SAOUHSC_01988,39,441,,,,
SAOUHSC_01989,86,1197,,,,
SAOUHSC_01990,61,1382,,,,
SAOUHSC_01991,130,2121,,,,
SAOUHSC_01992,115,2090,,,,
SAOUHSC_01993,139,1721,,,,
SAOUHSC_01997,37,142,,,,
SAOUHSC_01998,94,4105,,,,
SAOUHSC_01999,46,875,,,,
SAOUHSC_02000,101,2041,,,,
SAOUHSC_02001,108,1135,,,,
SAOUHSC_02002,6,35,,,,
SAOUHSC_02003,148,1523,,,,
SAOUHSC_02004,43,239,,,,
SAOUHSC_02005,82,2527,,,,
SAOUHSC_02006,81,1935,,,,
SAOUHSC_02008,98,1984,,,,
SAOUHSC_02009,158,2730,,,,
SAOUHSC_02010,31,813,,,,
SAOUHSC_02011-recX,70,305,,,,
SAOUHSC_02012-sgtB,79,699,,,,
SAOUHSC_02090,97,2693,,,,
SAOUHSC_02091,40,820,,,,
SAOUHSC_02092,107,2712,,,,
SAOUHSC_02093,17,1140,,,,
SAOUHSC_02095,40,1587,,,,
SAOUHSC_02096,21,655,,,,
SAOUHSC_02097,119,4467,,,,
SAOUHSC_02098-vraR,54,643,,,,
SAOUHSC_02099-vraS,86,928,,,,
SAOUHSC_02100,77,2002,,,,
SAOUHSC_02101,36,801,,,,
SAOUHSC_02103,90,1808,,,,
SAOUHSC_02104,40,968,,,,
SAOUHSC_02105,12,309,,,,
SAOUHSC_02108,34,773,,,,
SAOUHSC_02109,6,80,,,,
SAOUHSC_02110,45,1651,,,,
SAOUHSC_02111,87,689,,,,
SAOUHSC_02112,58,801,,,,
SAOUHSC_02113,116,2359,,,,
SAOUHSC_02115,21,759,,,,
SAOUHSC_02119,148,40346,,,,
SAOUHSC_02121,107,1892,,,,
SAOUHSC_02125,23,328,,,,
SAOUHSC_02126,94,195,,,,
SAOUHSC_02129,39,744,,,,
SAOUHSC_02130,8,90,,,,
SAOUHSC_02131,62,1821,,,,
SAOUHSC_02134,94,2780,,,,
SAOUHSC_02135,57,633,,,,
SAOUHSC_02136,8,148,,,,
SAOUHSC_02137,138,3248,,,,
SAOUHSC_02138,106,3712,,,,
SAOUHSC_02139,54,1158,,,,
SAOUHSC_02141,19,651,,,,
SAOUHSC_02142,113,1422,,,,
SAOUHSC_02144,38,976,,,,
SAOUHSC_02145,19,33,,,,
SAOUHSC_02146,86,2048,,,,
SAOUHSC_02147,88,2319,,,,
SAOUHSC_02148,50,711,,,,
SAOUHSC_02149,53,1253,,,,
SAOUHSC_02150,40,1768,,,,
SAOUHSC_02153,83,1107,,,,
SAOUHSC_02154,75,947,,,,
SAOUHSC_02155,24,29,,,,
SAOUHSC_02156,25,126,,,,
SAOUHSC_02157,7,102,,,,
SAOUHSC_02158,110,2383,,,,
SAOUHSC_02160,29,699,,,,
SAOUHSC_02161,181,3291,,,,
SAOUHSC_02164,17,178,,,,
SAOUHSC_02166,32,270,,,,
SAOUHSC_02167,34,406,,,,
SAOUHSC_02169,40,846,,,,
SAOUHSC_02170,37,1107,,,,
SAOUHSC_02171,41,743,,,,
SAOUHSC_02173,74,1459,,,,
SAOUHSC_02174,25,442,,,,
SAOUHSC_02175,14,217,,,,
SAOUHSC_02176,19,491,,,,
SAOUHSC_02177,23,322,,,,
SAOUHSC_02178,24,459,,,,
SAOUHSC_02179,14,928,,,,
SAOUHSC_02180,324,8409,,,,
SAOUHSC_02181,123,2574,,,,
SAOUHSC_02182,406,9952,,,,
SAOUHSC_02183,6,0,,,,
SAOUHSC_02184,31,270,,,,
SAOUHSC_02185,63,1393,,,,
SAOUHSC_02186,31,1387,,,,
SAOUHSC_02187,26,756,,,,
SAOUHSC_02188,29,642,,,,
SAOUHSC_02189,32,692,,,,
SAOUHSC_02190,12,361,,,,
SAOUHSC_02191,91,1426,,,,
SAOUHSC_02193,41,743,,,,
SAOUHSC_02194,100,2023,,,,
SAOUHSC_02195,18,138,,,,
SAOUHSC_02196,141,4748,,,,
SAOUHSC_02197,37,955,,,,
SAOUHSC_02198,22,119,,,,
SAOUHSC_02199,53,1559,,,,
SAOUHSC_02200,45,1798,,,,
SAOUHSC_02202,20,1160,,,,
SAOUHSC_02203,15,492,,,,
SAOUHSC_02204,16,272,,,,
SAOUHSC_02205,39,1676,,,,
SAOUHSC_02206,9,283,,,,
SAOUHSC_02207,19,491,,,,
SAOUHSC_02208,34,570,,,,
SAOUHSC_02209,33,659,,,,
SAOUHSC_02210,20,1233,,,,
SAOUHSC_02211,26,501,,,,
SAOUHSC_02212,19,756,,,,
SAOUHSC_02213,39,831,,,,
SAOUHSC_02214,17,166,,,,
SAOUHSC_02215,10,346,,,,
SAOUHSC_02216,63,1367,,,,
SAOUHSC_02217,73,2073,,,,
SAOUHSC_02218,22,717,,,,
SAOUHSC_02219,48,1090,,,,
SAOUHSC_02220,40,448,,,,
SAOUHSC_02221,61,926,,,,
SAOUHSC_02222,17,298,,,,
SAOUHSC_02223,27,1402,,,,
SAOUHSC_02224,19,608,,,,
SAOUHSC_02225,24,724,,,,
SAOUHSC_02226,57,756,,,,
SAOUHSC_02227,12,92,,,,
SAOUHSC_02228,20,498,,,,
SAOUHSC_02229,57,2280,,,,
SAOUHSC_02232,52,1600,,,,
SAOUHSC_02233,18,92,,,,
SAOUHSC_02234,22,60,,,,
SAOUHSC_02236,19,402,,,,
SAOUHSC_02237,9,13,,,,
SAOUHSC_02238,68,2619,,,,
SAOUHSC_02239,107,2197,,,,
SAOUHSC_02241,87,1143,,,,
SAOUHSC_02243,84,1987,,,,
SAOUHSC_02244,104,1871,,,,
SAOUHSC_02245,94,3035,,,,
SAOUHSC_02246,85,6107,,,,
SAOUHSC_02247,165,3067,,,,
SAOUHSC_02248,46,1598,,,,
SAOUHSC_02249,58,951,,,,
SAOUHSC_02250,59,1369,,,,
SAOUHSC_02251,24,356,,,,
SAOUHSC_02256,80,1467,,,,
SAOUHSC_02257,81,819,,,,
SAOUHSC_02258,38,444,,,,
SAOUHSC_02259,71,2079,,,,
SAOUHSC_02260,10,19,,,,
SAOUHSC_02261,70,2993,,,,
SAOUHSC_02262,15,356,,,,
SAOUHSC_02264,143,16644,,,,
SAOUHSC_02265,54,1379,,,,
SAOUHSC_02266,15,53,,,,
SAOUHSC_02267,78,1242,,,,
SAOUHSC_02268,136,2295,,,,
SAOUHSC_02269,78,1472,,,,
SAOUHSC_02270,124,3888,,,,
SAOUHSC_02271,11,58,,,,
SAOUHSC_02272,82,2207,,,,
SAOUHSC_02273,54,802,,,,
SAOUHSC_02274,160,4203,,,,
SAOUHSC_02275,10,95,,,,
SAOUHSC_02276,153,4040,,,,
SAOUHSC_02281,116,831,,,,
SAOUHSC_02282,139,1446,,,,
SAOUHSC_02283,23,118,,,,
SAOUHSC_02284,68,1931,,,,
SAOUHSC_02285,108,1703,,,,
SAOUHSC_02286,86,1105,,,,
SAOUHSC_02287,95,1546,,,,
SAOUHSC_02288-leuD,41,248,,,,
SAOUHSC_02289,120,1505,,,,
SAOUHSC_02294,10,169,,,,
SAOUHSC_02296,36,659,,,,
SAOUHSC_02297,173,4116,,,,
SAOUHSC_02298,62,2370,,,,
SAOUHSC_02299,44,3351,,,,
SAOUHSC_02300,33,1255,,,,
SAOUHSC_02301,84,4540,,,,
SAOUHSC_02303,35,848,,,,
SAOUHSC_02304,12,129,,,,
SAOUHSC_02305-alr1,98,3583,,,,
SAOUHSC_02308,142,4194,,,,
SAOUHSC_02309,55,1307,,,,
SAOUHSC_02310,44,362,,,,
SAOUHSC_02311,164,4095,,,,
SAOUHSC_02312,161,3368,,,,
SAOUHSC_02313,12,32,,,,
SAOUHSC_02314,248,6067,,,,
SAOUHSC_02315,58,878,,,,
SAOUHSC_02319-rodA,127,3009,,,,
SAOUHSC_02320,14,368,,,,
SAOUHSC_02321,17,684,,,,
SAOUHSC_02322,19,370,,,,
SAOUHSC_02323,116,1852,,,,
SAOUHSC_02324,51,2941,,,,
SAOUHSC_02325,5,88,,,,
SAOUHSC_02326,6,47,,,,
SAOUHSC_02328-thiE,51,535,,,,
SAOUHSC_02329,72,1369,,,,
SAOUHSC_02330,69,1387,,,,
SAOUHSC_02331,61,1258,,,,
SAOUHSC_02332,11,25,,,,
SAOUHSC_02333,40,535,,,,
SAOUHSC_02334,34,375,,,,
SAOUHSC_02335,42,722,,,,
SAOUHSC_02338,29,1311,,,,
SAOUHSC_02339,8,11,,,,
SAOUHSC_02340-F-type,23,36,,,,
SAOUHSC_02345-F-type,118,200,,,,
SAOUHSC_02346-F-type,53,207,,,,
SAOUHSC_02347-F-type,32,204,,,,
SAOUHSC_02349-F-type,15,18,,,,
SAOUHSC_02350-F-type,59,344,,,,
SAOUHSC_02351,52,475,,,,
SAOUHSC_02352,84,2018,,,,
SAOUHSC_02353-upp,58,770,,,,
SAOUHSC_02354-glyA,87,999,,,,
SAOUHSC_02355,39,2097,,,,
SAOUHSC_02356,31,1761,,,,
SAOUHSC_02358,62,811,,,,
SAOUHSC_02363,112,2457,,,,
SAOUHSC_02364,123,1672,,,,
SAOUHSC_02365,24,56,,,,
SAOUHSC_02367,118,2965,,,,
SAOUHSC_02370,48,1158,,,,
SAOUHSC_02372,67,1819,,,,
SAOUHSC_02373,59,787,,,,
SAOUHSC_02374,97,2241,,,,
SAOUHSC_02375,88,5245,,,,
SAOUHSC_02376,36,989,,,,
SAOUHSC_02377,38,1546,,,,
SAOUHSC_02378,99,1504,,,,
SAOUHSC_02379,9,27,,,,
SAOUHSC_02380-deoD,35,343,,,,
SAOUHSC_02381,67,1482,,,,
SAOUHSC_02382,36,1791,,,,
SAOUHSC_02383,40,2280,,,,
SAOUHSC_02384,125,1707,,,,
SAOUHSC_02385,25,692,,,,
SAOUHSC_02386,70,1730,,,,
SAOUHSC_02387,12,46,,,,
SAOUHSC_02388,50,1991,,,,
SAOUHSC_02389,22,330,,,,
SAOUHSC_02390,86,2080,,,,
SAOUHSC_02391,108,1059,,,,
SAOUHSC_02393,11,22,,,,
SAOUHSC_02394,130,6554,,,,
SAOUHSC_02396,12,497,,,,
SAOUHSC_02397,62,991,,,,
SAOUHSC_02400,57,1109,,,,
SAOUHSC_02401,126,1455,,,,
SAOUHSC_02402,173,4097,,,,
SAOUHSC_02403,30,90,,,,
SAOUHSC_02404,103,2594,,,,
SAOUHSC_02406,508,6239,,,,
SAOUHSC_02409,76,229,,,,
SAOUHSC_02410,79,534,,,,
SAOUHSC_02411,139,1740,,,,
SAOUHSC_02412,8,214,,,,
SAOUHSC_02416,5,40,,,,
SAOUHSC_02417,13,91,,,,
SAOUHSC_02418,88,763,,,,
SAOUHSC_02419,156,4081,,,,
SAOUHSC_02420,57,1562,,,,
SAOUHSC_02422,140,3881,,,,
SAOUHSC_02423,75,2063,,,,
SAOUHSC_02424,102,1589,,,,
SAOUHSC_02425,50,2123,,,,
SAOUHSC_02426,24,80,,,,
SAOUHSC_02427,103,3723,,,,
SAOUHSC_02428,103,2676,,,,
SAOUHSC_02430,102,2199,,,,
SAOUHSC_02432,89,1052,,,,
SAOUHSC_02433,11,78,,,,
SAOUHSC_02434,101,2728,,,,
SAOUHSC_02435,152,2182,,,,
SAOUHSC_02436,125,2121,,,,
SAOUHSC_02437,166,5364,,,,
SAOUHSC_02441,129,1783,,,,
SAOUHSC_02442,33,513,,,,
SAOUHSC_02443,24,100,,,,
SAOUHSC_02444,53,1755,,,,
SAOUHSC_02445,135,2194,,,,
SAOUHSC_02447,88,1741,,,,
SAOUHSC_02448,72,1931,,,,
SAOUHSC_02449,70,1585,,,,
SAOUHSC_02450,115,3970,,,,
SAOUHSC_02451,143,2031,,,,
SAOUHSC_02452,17,48,,,,
SAOUHSC_02453,70,1941,,,,
SAOUHSC_02454,66,1549,,,,
SAOUHSC_02455,42,658,,,,
SAOUHSC_02456,29,360,,,,
SAOUHSC_02457,56,420,,,,
SAOUHSC_02458,57,3251,,,,
SAOUHSC_02459,79,4207,,,,
SAOUHSC_02460,18,840,,,,
SAOUHSC_02461,65,1673,,,,
SAOUHSC_02463,37,567,,,,
SAOUHSC_02464,188,2700,,,,
SAOUHSC_02465,80,1361,,,,
SAOUHSC_02467,72,1397,,,,
SAOUHSC_02468,54,872,,,,
SAOUHSC_02469,135,1964,,,,
SAOUHSC_02470,18,561,,,,
SAOUHSC_02471,21,272,,,,
SAOUHSC_02473,170,3422,,,,
SAOUHSC_02474,7,92,,,,
SAOUHSC_02475,63,1161,,,,
SAOUHSC_02476,37,675,,,,
SAOUHSC_02481-cbiQ,119,3008,,,,
SAOUHSC_02483-cbiO,71,168,,,,
SAOUHSC_02515,63,87,,,,
SAOUHSC_02516,49,1756,,,,
SAOUHSC_02517,112,1326,,,,
SAOUHSC_02518,180,2357,,,,
SAOUHSC_02519,8,221,,,,
SAOUHSC_02520,76,1682,,,,
SAOUHSC_02521,73,1119,,,,
SAOUHSC_02522,14,116,,,,
SAOUHSC_02523,92,3709,,,,
SAOUHSC_02525,11,188,,,,
SAOUHSC_02528,267,4548,,,,
SAOUHSC_02529,29,844,,,,
SAOUHSC_02530,63,2234,,,,
SAOUHSC_02531,39,3503,,,,
SAOUHSC_02532,126,3411,,,,
SAOUHSC_02533,33,968,,,,
SAOUHSC_02534,17,37,,,,
SAOUHSC_02535,4,60,,,,
SAOUHSC_02536,6,61,,,,
SAOUHSC_02537-mobA,87,1952,,,,
SAOUHSC_02538,52,1669,,,,
SAOUHSC_02540,18,148,,,,
SAOUHSC_02541,28,618,,,,
SAOUHSC_02542,39,214,,,,
SAOUHSC_02543-moaC,100,1286,,,,
SAOUHSC_02544,30,473,,,,
SAOUHSC_02545,38,379,,,,
SAOUHSC_02546,82,1009,,,,
SAOUHSC_02547,49,881,,,,
SAOUHSC_02549,70,1184,,,,
SAOUHSC_02550,79,2929,,,,
SAOUHSC_02551,64,1340,,,,
SAOUHSC_02552,63,2080,,,,
SAOUHSC_02553,56,1014,,,,
SAOUHSC_02554,74,1001,,,,
SAOUHSC_02555,74,2170,,,,
SAOUHSC_02557,102,1993,,,,
SAOUHSC_02558-ureA,95,2045,,,,
SAOUHSC_02559-ureB,20,45,,,,
SAOUHSC_02561-ureC,23,182,,,,
SAOUHSC_02562-rho,141,5339,,,,
SAOUHSC_02562-ureE,37,576,,,,
SAOUHSC_02563,51,937,,,,
SAOUHSC_02564,52,5499,,,,
SAOUHSC_02565,80,1490,,,,
SAOUHSC_02566,30,1623,,,,
SAOUHSC_02568,32,591,,,,
SAOUHSC_02569,76,3969,,,,
SAOUHSC_02570,210,5820,,,,
SAOUHSC_02571,77,1388,,,,
SAOUHSC_02572,18,181,,,,
SAOUHSC_02573,126,2526,,,,
SAOUHSC_02574,93,2554,,,,
SAOUHSC_02575,49,1622,,,,
SAOUHSC_02576,41,1546,,,,
SAOUHSC_02577,81,1087,,,,
SAOUHSC_02579,105,2027,,,,
SAOUHSC_02580,49,1279,,,,
SAOUHSC_02581,51,3141,,,,
SAOUHSC_02582,239,4129,,,,
SAOUHSC_02583-lcpC,74,885,,,,
SAOUHSC_02584,73,1682,,,,
SAOUHSC_02585,60,3446,,,,
SAOUHSC_02587,78,1632,,,,
SAOUHSC_02588,40,1530,,,,
SAOUHSC_02589,91,1370,,,,
SAOUHSC_02590,122,2143,,,,
SAOUHSC_02591,33,228,,,,
SAOUHSC_02592,25,949,,,,
SAOUHSC_02593,18,317,,,,
SAOUHSC_02594,60,1342,,,,
SAOUHSC_02595,93,2609,,,,
SAOUHSC_02596,51,1709,,,,
SAOUHSC_02597,149,2004,,,,
SAOUHSC_02599,78,4383,,,,
SAOUHSC_02600,36,392,,,,
SAOUHSC_02603,68,2461,,,,
SAOUHSC_02604,57,1056,,,,
SAOUHSC_02605,83,2028,,,,
SAOUHSC_02606,99,548,,,,
SAOUHSC_02607,103,2446,,,,
SAOUHSC_02608,78,1827,,,,
SAOUHSC_02609,46,1168,,,,
SAOUHSC_02610,67,530,,,,
SAOUHSC_02611-lyrA,95,939,,,,
SAOUHSC_02613,55,768,,,,
SAOUHSC_02614,85,4960,,,,
SAOUHSC_02615,29,658,,,,
SAOUHSC_02616,19,145,,,,
SAOUHSC_02618,112,2329,,,,
SAOUHSC_02619,70,2028,,,,
SAOUHSC_02620,73,1407,,,,
SAOUHSC_02621,57,2649,,,,
SAOUHSC_02622,116,2978,,,,
SAOUHSC_02624,107,841,,,,
SAOUHSC_02625,46,1614,,,,
SAOUHSC_02626,37,1011,,,,
SAOUHSC_02627,69,1027,,,,
SAOUHSC_02628,62,475,,,,
SAOUHSC_02629,188,5109,,,,
SAOUHSC_02630,52,1316,,,,
SAOUHSC_02631,59,1957,,,,
SAOUHSC_02632,119,2491,,,,
SAOUHSC_02634,12,285,,,,
SAOUHSC_02635,130,2321,,,,
SAOUHSC_02636,48,941,,,,
SAOUHSC_02638,104,3253,,,,
SAOUHSC_02640,41,530,,,,
SAOUHSC_02641,103,1303,,,,
SAOUHSC_02643,64,951,,,,
SAOUHSC_02644,118,972,,,,
SAOUHSC_02645,48,2009,,,,
SAOUHSC_02646,44,897,,,,
SAOUHSC_02647,110,790,,,,
SAOUHSC_02648,140,1349,,,,
SAOUHSC_02649,158,3027,,,,
SAOUHSC_02650,59,989,,,,
SAOUHSC_02651,39,485,,,,
SAOUHSC_02652,73,828,,,,
SAOUHSC_02653,34,1514,,,,
SAOUHSC_02654,80,3749,,,,
SAOUHSC_02655,18,1459,,,,
SAOUHSC_02656,49,1988,,,,
SAOUHSC_02657,9,314,,,,
SAOUHSC_02658,107,1491,,,,
SAOUHSC_02659,62,1185,,,,
SAOUHSC_02660,106,2771,,,,
SAOUHSC_02661,108,2914,,,,
SAOUHSC_02662,17,114,,,,
SAOUHSC_02663,31,539,,,,
SAOUHSC_02664,211,3299,,,,
SAOUHSC_02665,41,961,,,,
SAOUHSC_02666,32,1942,,,,
SAOUHSC_02667,127,2210,,,,
SAOUHSC_02668,35,470,,,,
SAOUHSC_02669,34,970,,,,
SAOUHSC_02670,43,1584,,,,
SAOUHSC_02671,117,1490,,,,
SAOUHSC_02672,93,1643,,,,
SAOUHSC_02674,77,676,,,,
SAOUHSC_02675,51,1051,,,,
SAOUHSC_02676,79,2477,,,,
SAOUHSC_02677,39,140,,,,
SAOUHSC_02678,73,1894,,,,
SAOUHSC_02679,45,3121,,,,
SAOUHSC_02680,111,2204,,,,
SAOUHSC_02681,254,4705,,,,
SAOUHSC_02682,81,1084,,,,
SAOUHSC_02683,21,713,,,,
SAOUHSC_02684,185,4090,,,,
SAOUHSC_02685,57,852,,,,
SAOUHSC_02686,43,1220,,,,
SAOUHSC_02687,73,1324,,,,
SAOUHSC_02688,25,752,,,,
SAOUHSC_02689,30,407,,,,
SAOUHSC_02690,128,1522,,,,
SAOUHSC_02691,29,1486,,,,
SAOUHSC_02692,24,987,,,,
SAOUHSC_02693,11,115,,,,
SAOUHSC_02694,54,763,,,,
SAOUHSC_02695,35,468,,,,
SAOUHSC_02696,107,2740,,,,
SAOUHSC_02697,46,1336,,,,
SAOUHSC_02698,76,2924,,,,
SAOUHSC_02699,64,1480,,,,
SAOUHSC_02700,113,2194,,,,
SAOUHSC_02701,13,114,,,,
SAOUHSC_02702,11,105,,,,
SAOUHSC_02703-gpmA,56,632,,,,
SAOUHSC_02704,75,2325,,,,
SAOUHSC_02705,15,459,,,,
SAOUHSC_02706,103,4128,,,,
SAOUHSC_02708,79,1218,,,,
SAOUHSC_02710,89,1628,,,,
SAOUHSC_02711,61,1228,,,,
SAOUHSC_02712,58,1399,,,,
SAOUHSC_02713,123,3585,,,,
SAOUHSC_02714,91,1778,,,,
SAOUHSC_02715,111,1677,,,,
SAOUHSC_02716,59,527,,,,
SAOUHSC_02717,16,409,,,,
SAOUHSC_02718,160,4383,,,,
SAOUHSC_02719,173,2822,,,,
SAOUHSC_02720,12,243,,,,
SAOUHSC_02721,7,7,,,,
SAOUHSC_02722,43,1317,,,,
SAOUHSC_02723,89,761,,,,
SAOUHSC_02724,52,941,,,,
SAOUHSC_02725,106,2579,,,,
SAOUHSC_02726,45,3909,,,,
SAOUHSC_02727,51,1767,,,,
SAOUHSC_02728,72,2469,,,,
SAOUHSC_02729,126,3343,,,,
SAOUHSC_02731,187,2313,,,,
SAOUHSC_02732,10,253,,,,
SAOUHSC_02733,179,3165,,,,
SAOUHSC_02734,17,521,,,,
SAOUHSC_02736,135,6099,,,,
SAOUHSC_02737,63,1175,,,,
SAOUHSC_02739,74,1727,,,,
SAOUHSC_02740,141,4147,,,,
SAOUHSC_02741,58,1683,,,,
SAOUHSC_02742,78,1574,,,,
SAOUHSC_02743,58,1661,,,,
SAOUHSC_02744,99,2663,,,,
SAOUHSC_02745,8,34,,,,
SAOUHSC_02746,7,575,,,,
SAOUHSC_02747,53,4079,,,,
SAOUHSC_02750,140,3705,,,,
SAOUHSC_02751,111,1864,,,,
SAOUHSC_02752,102,1832,,,,
SAOUHSC_02753,71,885,,,,
SAOUHSC_02754,59,1640,,,,
SAOUHSC_02755,81,946,,,,
SAOUHSC_02756,26,1427,,,,
SAOUHSC_02757,30,398,,,,
SAOUHSC_02759,44,2624,,,,
SAOUHSC_02760,132,2712,,,,
SAOUHSC_02761,82,3294,,,,
SAOUHSC_02762,115,3210,,,,
SAOUHSC_02763,56,2193,,,,
SAOUHSC_02764,58,2039,,,,
SAOUHSC_02765,77,2559,,,,
SAOUHSC_02766,89,3160,,,,
SAOUHSC_02767,110,1481,,,,
SAOUHSC_02768,76,1136,,,,
SAOUHSC_02769,72,1515,,,,
SAOUHSC_02770,60,2137,,,,
SAOUHSC_02771,41,700,,,,
SAOUHSC_02772,48,726,,,,
SAOUHSC_02773,147,4294,,,,
SAOUHSC_02774,32,238,,,,
SAOUHSC_02775,36,2143,,,,
SAOUHSC_02776,43,1677,,,,
SAOUHSC_02777,42,2153,,,,
SAOUHSC_02778,57,1915,,,,
SAOUHSC_02779,21,449,,,,
SAOUHSC_02780,19,1896,,,,
SAOUHSC_02781,17,568,,,,
SAOUHSC_02782,13,584,,,,
SAOUHSC_02783,73,1165,,,,
SAOUHSC_02784,18,333,,,,
SAOUHSC_02785,24,1073,,,,
SAOUHSC_02786,111,2246,,,,
SAOUHSC_02788,67,1273,,,,
SAOUHSC_02789,63,1395,,,,
SAOUHSC_02790,299,10655,,,,
SAOUHSC_02791,31,386,,,,
SAOUHSC_02794,26,1120,,,,
SAOUHSC_02795,40,1066,,,,
SAOUHSC_02796,36,1745,,,,
SAOUHSC_02797,134,4672,,,,
SAOUHSC_02798,295,4060,,,,
SAOUHSC_02799,45,2426,,,,
SAOUHSC_02800,84,2169,,,,
SAOUHSC_02802,209,4763,,,,
SAOUHSC_02803,228,3825,,,,
SAOUHSC_02804,11,179,,,,
SAOUHSC_02805,33,101,,,,
SAOUHSC_02806,118,2708,,,,
SAOUHSC_02808,109,4400,,,,
SAOUHSC_02809,34,965,,,,
SAOUHSC_02810,66,1675,,,,
SAOUHSC_02811,69,1519,,,,
SAOUHSC_02812,20,13,,,,
SAOUHSC_02813,187,6989,,,,
SAOUHSC_02815,112,2477,,,,
SAOUHSC_02816,67,1995,,,,
SAOUHSC_02817,7,78,,,,
SAOUHSC_02818,142,5243,,,,
SAOUHSC_02819,48,2854,,,,
SAOUHSC_02820,58,925,,,,
SAOUHSC_02821,83,1265,,,,
SAOUHSC_02822,157,613,,,,
SAOUHSC_02823,82,2730,,,,
SAOUHSC_02824,35,716,,,,
SAOUHSC_02825,69,1537,,,,
SAOUHSC_02826,35,1071,,,,
SAOUHSC_02827,19,1821,,,,
SAOUHSC_02828,60,1318,,,,
SAOUHSC_02829,41,3208,,,,
SAOUHSC_02830,88,1558,,,,
SAOUHSC_02831,71,2318,,,,
SAOUHSC_02832,64,2285,,,,
SAOUHSC_02833,94,3798,,,,
SAOUHSC_02834,53,1318,,,,
SAOUHSC_02836,43,2128,,,,
SAOUHSC_02837,17,336,,,,
SAOUHSC_02838,8,30,,,,
SAOUHSC_02839,51,490,,,,
SAOUHSC_02840,61,937,,,,
SAOUHSC_02841,90,1756,,,,
SAOUHSC_02842,18,235,,,,
SAOUHSC_02843,93,1066,,,,
SAOUHSC_02844,75,897,,,,
SAOUHSC_02845,23,36,,,,
SAOUHSC_02846,29,374,,,,
SAOUHSC_02848,165,3628,,,,
SAOUHSC_02849,156,6848,,,,
SAOUHSC_02850,65,1394,,,,
SAOUHSC_02851,42,683,,,,
SAOUHSC_02852,67,2270,,,,
SAOUHSC_02853,14,73,,,,
SAOUHSC_02855,39,1316,,,,
SAOUHSC_02856,9,20,,,,
SAOUHSC_02857,18,761,,,,
SAOUHSC_02858,31,2510,,,,
SAOUHSC_02861,39,427,,,,
SAOUHSC_02862,147,2549,,,,
SAOUHSC_02863,12,266,,,,
SAOUHSC_02864,187,7783,,,,
SAOUHSC_02865,24,426,,,,
SAOUHSC_02866,221,6114,,,,
SAOUHSC_02867,49,1164,,,,
SAOUHSC_02868,18,1124,,,,
SAOUHSC_02869,105,1065,,,,
SAOUHSC_02871,43,779,,,,
SAOUHSC_02872,14,31,,,,
SAOUHSC_02873,198,3649,,,,
SAOUHSC_02874,11,658,,,,
SAOUHSC_02875,83,3082,,,,
SAOUHSC_02876,82,2647,,,,
SAOUHSC_02877,130,3620,,,,
SAOUHSC_02879,71,3510,,,,
SAOUHSC_02880,86,1117,,,,
SAOUHSC_02881,129,3499,,,,
SAOUHSC_02882,50,1424,,,,
SAOUHSC_02883,68,2943,,,,
SAOUHSC_02885,171,3499,,,,
SAOUHSC_02886,58,1278,,,,
SAOUHSC_02887,41,103,,,,
SAOUHSC_02888,95,1344,,,,
SAOUHSC_02889,15,219,,,,
SAOUHSC_02890,10,352,,,,
SAOUHSC_02891,45,1525,,,,
SAOUHSC_02892,51,2914,,,,
SAOUHSC_02893,17,161,,,,
SAOUHSC_02894,22,653,,,,
SAOUHSC_02895,73,2252,,,,
SAOUHSC_02896,22,1149,,,,
SAOUHSC_02897,53,1515,,,,
SAOUHSC_02898,52,1450,,,,
SAOUHSC_02899,73,3910,,,,
SAOUHSC_02900,56,546,,,,
SAOUHSC_02901,69,1267,,,,
SAOUHSC_02902,121,3699,,,,
SAOUHSC_02904,94,1941,,,,
SAOUHSC_02905,28,2123,,,,
SAOUHSC_02906,22,1374,,,,
SAOUHSC_02907,22,358,,,,
SAOUHSC_02908,67,1543,,,,
SAOUHSC_02910,15,783,,,,
SAOUHSC_02911,54,2955,,,,
SAOUHSC_02912,31,386,,,,
SAOUHSC_02913,52,2918,,,,
SAOUHSC_02914,6,189,,,,
SAOUHSC_02915,118,1829,,,,
SAOUHSC_02916,31,1358,,,,
SAOUHSC_02918-panC,70,2791,,,,
SAOUHSC_02919-panB,59,1872,,,,
SAOUHSC_02920,69,4045,,,,
SAOUHSC_02921,52,1435,,,,
SAOUHSC_02922,77,1662,,,,
SAOUHSC_02923,134,3396,,,,
SAOUHSC_02924,104,4218,,,,
SAOUHSC_02925,46,1856,,,,
SAOUHSC_02926,66,630,,,,
SAOUHSC_02927,106,2233,,,,
SAOUHSC_02928,41,1123,,,,
SAOUHSC_02929,135,7050,,,,
SAOUHSC_02930,42,930,,,,
SAOUHSC_02931,17,1374,,,,
SAOUHSC_02932,120,2649,,,,
SAOUHSC_02933,102,1718,,,,
SAOUHSC_02934,8,14,,,,
SAOUHSC_02935,30,886,,,,
SAOUHSC_02936,61,1119,,,,
SAOUHSC_02937,141,5101,,,,
SAOUHSC_02939,26,227,,,,
SAOUHSC_02940,10,98,,,,
SAOUHSC_02941,52,1392,,,,
SAOUHSC_02942,152,5569,,,,
SAOUHSC_02943,122,6043,,,,
SAOUHSC_02944,12,106,,,,
SAOUHSC_02945,45,811,,,,
SAOUHSC_02947,150,4206,,,,
SAOUHSC_02948,13,89,,,,
SAOUHSC_02949,44,2416,,,,
SAOUHSC_02950,14,183,,,,
SAOUHSC_02953,205,4272,,,,
SAOUHSC_02954,57,1260,,,,
SAOUHSC_02955-nsaS,91,1612,,,,
SAOUHSC_02956-nsaR,61,1608,,,,
SAOUHSC_02957,17,247,,,,
SAOUHSC_02958,107,1437,,,,
SAOUHSC_02960,10,3,,,,
SAOUHSC_02961,38,1384,,,,
SAOUHSC_02962,62,2754,,,,
SAOUHSC_02963,181,5833,,,,
SAOUHSC_02964,69,2190,,,,
SAOUHSC_02965,68,498,,,,
SAOUHSC_02967,141,5188,,,,
SAOUHSC_02968,84,2214,,,,
SAOUHSC_02969,115,2712,,,,
SAOUHSC_02970,45,2101,,,,
SAOUHSC_02971,110,1289,,,,
SAOUHSC_02972,50,621,,,,
SAOUHSC_02973,33,198,,,,
SAOUHSC_02974,159,4775,,,,
SAOUHSC_02975,152,1841,,,,
SAOUHSC_02976,84,1392,,,,
SAOUHSC_02978,253,3978,,,,
SAOUHSC_02979,149,3318,,,,
SAOUHSC_02980,56,615,,,,
SAOUHSC_02982,151,2917,,,,
SAOUHSC_02983,124,2494,,,,
SAOUHSC_02984,140,3865,,,,
SAOUHSC_02985-azi,202,7340,,,,
SAOUHSC_02986,75,1528,,,,
SAOUHSC_02987,125,3023,,,,
SAOUHSC_02988,120,2818,,,,
SAOUHSC_02989-secY,128,3720,,,,
SAOUHSC_02990,421,17510,,,,
SAOUHSC_02991,56,1142,,,,
SAOUHSC_02992,34,383,,,,
SAOUHSC_02993,28,657,,,,
SAOUHSC_02994,32,496,,,,
SAOUHSC_02995,57,1260,,,,
SAOUHSC_02996,35,1625,,,,
SAOUHSC_02997,41,253,,,,
SAOUHSC_02998,59,906,,,,
SAOUHSC_02999,61,1259,,,,
SAOUHSC_03000,72,1067,,,,
SAOUHSC_03001,53,232,,,,
SAOUHSC_03002,110,5329,,,,
SAOUHSC_03003,29,587,,,,
SAOUHSC_03004,80,875,,,,
SAOUHSC_03005,137,4298,,,,
SAOUHSC_03006,157,924,,,,
SAOUHSC_03008,105,2335,,,,
SAOUHSC_03009,56,926,,,,
SAOUHSC_03010-hisH,50,994,,,,
SAOUHSC_03011-hisB,44,1439,,,,
SAOUHSC_03012,83,1860,,,,
SAOUHSC_03013,99,1685,,,,
SAOUHSC_03014-hisG,56,2075,,,,
SAOUHSC_03015-hisZ,55,785,,,,
SAOUHSC_03016,95,3159,,,,
SAOUHSC_03017,46,945,,,,
SAOUHSC_03018,89,3179,,,,
SAOUHSC_03019,157,2860,,,,
SAOUHSC_03020,58,1223,,,,
SAOUHSC_03021,76,1336,,,,
SAOUHSC_03022,37,104,,,,
SAOUHSC_03023,78,775,,,,
SAOUHSC_03024,71,1230,,,,
SAOUHSC_03025,57,724,,,,
SAOUHSC_03026,86,2790,,,,
SAOUHSC_03027,29,539,,,,
SAOUHSC_03028,39,701,,,,
SAOUHSC_03030,111,1499,,,,
SAOUHSC_03031,90,2311,,,,
SAOUHSC_03032,46,843,,,,
SAOUHSC_03033,84,2173,,,,
SAOUHSC_03034,74,883,,,,
SAOUHSC_03035,56,988,,,,
SAOUHSC_03036,51,533,,,,
SAOUHSC_03037,184,3204,,,,
SAOUHSC_03037a,19,183,,,,
SAOUHSC_03040,45,1016,,,,
SAOUHSC_03041,57,1818,,,,
SAOUHSC_03042,30,656,,,,
SAOUHSC_03045,15,5,,,,
SAOUHSC_03046,54,1367,,,,
SAOUHSC_03047,37,697,,,,
SAOUHSC_03048,33,170,,,,
SAOUHSC_03051-gidA,57,889,,,,
SAOUHSC_1307a,21,441,,,,
SAOUHSC_1342a,29,438,,,,
SAOUHSC_3042a,18,169,,,,
SAOUHSC_A00354,21,1027,,,,
SAOUHSC_A00992,5,227,,,,
SAOUHSC_A01081,34,994,,,,
SAOUHSC_A01436,24,851,,,,
SAOUHSC_A02189,33,2818,,,,
SAOUHSC_A02331,8,4,,,,
SAOUHSC_A02450,28,176,,,,
SAOUHSC_A02577,15,1078,,,,
SAOUHSC_A02794,29,1019,,,,
